-2.917171249230530727e-01,7.997871160772322963e-01,-6.789314045382346396e-01
-2.825271511788969847e-01,8.306442109088454373e-01,-5.917999875657946607e-01
-2.540378791278045667e-01,9.221089397367994156e-01,-1.997981609621257260e+00
-3.320510018304342892e-01,9.159590449739344331e-01,-1.532963668418598546e+00
-2.630529426955561245e-01,7.065472018167182622e-01,-2.357872642469962088e+00
-4.319376729218094568e-01,7.393508846700478365e-01,-2.290054213595599020e+00
-3.413371088971129952e-01,9.774081879950533569e-01,-3.262541112102922969e-01
-5.988690044364441967e-01,1.217163857881341738e+00,-8.849808093896421868e-01
-9.472219316232667330e-01,8.574193522450229699e-01,8.825027051624071417e-01
-3.326057998705849728e-01,3.619067292996173135e-01,-4.404606479485368986e-01
5.136819766242137764e-01,-8.364461831539566905e-01,-1.758877490476403738e-01
4.997277877080981145e-01,-5.505567856507859181e-01,5.433232765900505301e-01
6.627632610222875531e-01,-6.448660623973664352e-01,1.261679754146970867e+00
7.209229816682036773e-01,-6.079905912700646065e-01,1.276337587946303698e+00
9.706034643585442767e-01,-8.709836151868763920e-01,1.578564086249745868e+00
7.166879649177626543e-01,1.878681078053855841e-02,-7.533533757584800483e-01
7.626687054639225138e-01,-6.398711679145109577e-02,8.294746775485063450e-01
5.106852041445500978e-01,1.823376081934420870e-02,-7.934442134816306336e-01
5.719056486611581169e-01,-1.447226063849552380e-01,2.958932108396365446e-01
5.181761657162474721e-01,5.683212732775366760e-01,1.554723286196340870e-01
3.932448314757621133e-01,-5.124771445513959245e-03,6.388473701424328688e-01
5.142141439514799073e-01,1.670854881667538094e-01,-3.457479073856670193e-01
5.284487228307133133e-01,-1.108369632367829788e-01,5.477932448339006832e-01
2.013246829955381983e-03,1.778865525712553658e-02,-1.150408620978958518e-01
3.723532099429440190e-01,7.427297741366521988e-01,3.511994805400306396e-01
2.876213418429151569e-01,5.972133549560136867e-01,6.163576449411725111e-01
6.365152579865747118e-01,-1.256298753599728313e-01,5.429866699810073083e-01
3.746095367665588372e-01,3.240591071861885775e-01,1.287237447016388758e+00
2.942539954565763782e-01,3.100198530345394388e-01,9.831399288367699274e-01
3.009135032480280691e-01,3.154637676350400266e-01,9.887135806819846717e-01
1.761643190288718352e-01,3.274882097181748275e-01,-4.073004888372164789e-01
1.019145193934585386e-01,5.235476227920783376e-01,3.742867869351491628e-01
-2.685115981839473337e-02,4.953379707598522530e-01,1.356455998947046493e-01
5.620440186858438603e-02,6.514367447253583965e-01,-1.908373238246640624e-01
6.030537214930224710e-02,4.742424948413631602e-01,7.747380976763974525e-01
6.129303422480016084e-02,4.472965836887248803e-01,7.507083598507482414e-01
5.245234944971447488e-01,7.042648177769841311e-01,3.011096753358600275e-01
5.016857090872505198e-01,6.606584810967877086e-01,5.821944945484304190e-01
4.563589295452668559e-01,5.468100996270996994e-01,4.341544935172160780e-01
5.705171514171257785e-01,4.182925790242879027e-01,3.992573183779435375e-01
4.002513517623008665e-01,3.812011220321472327e-01,2.512255382421877403e-01
4.214278584347193601e-01,1.861564877684941666e-01,-3.736404143873903738e-01
5.732329045069787243e-01,2.737371928254705433e-01,-2.036210185971319142e-01
1.368596286636043213e-01,1.242945611197245448e+00,1.235406280098509280e+00
-6.298934360610262129e-01,3.585556754323842577e-01,-4.609335603656767311e-01
-6.323394153408319340e-01,-1.296630727592963488e-02,-1.517282586338793982e-01
-5.277212199987326713e-01,-2.774593604080531350e-01,-1.587077400396567639e-01
-3.287217366294399312e-01,-1.531687775495507442e-01,-1.305783794032999434e-01
-3.416325264792632321e-01,-1.752043213757340234e-01,-2.373551863114592778e-02
-3.347207953457410068e-01,-3.020274054984476222e-02,3.377804269046312813e-01
-2.569021000502139107e-01,5.449555105732872134e-02,-6.657696206703214159e-01
-2.533184465214154413e-01,-1.976935682569430641e-03,-2.778648694699964450e-01
-4.889580531909961669e-01,3.288340545008384130e-01,-2.122752812026991176e+00
-4.140345243365785577e-01,3.421720257085262284e-01,-2.899099946465768962e+00
-5.362495614242447362e-01,6.695139631974442729e-01,-1.775499607236505906e+00
-5.363105752453516395e-01,7.222099132626503826e-01,-1.346174921910618494e+00
-8.364799021476241325e-01,1.054792825814562240e+00,-1.052014314104978476e+00
-6.833747437952271131e-01,1.392509153503044272e+00,9.878792501218459643e-01
-5.329631549007665114e-01,1.483719523488539194e+00,-3.255184046726925517e-01
-5.310942146848348644e-01,1.756064076935018425e+00,3.281874104474332698e-01
-7.477255131397100296e-01,1.467790955277798348e+00,-2.697590126955605183e-01
-9.728298149001640693e-01,1.630267427229186827e+00,-2.959572220875891224e-01
-8.183297938546003625e-01,1.773363621006836199e+00,-4.000270175513087056e-01
-9.188707400759057453e-01,1.845964510682527981e+00,-1.577682131808785693e+00
-8.490002798496953940e-01,1.480396398781278933e+00,-1.303940352555964077e+00
-9.434272593323521638e-01,1.538229684755298754e+00,-1.311249025629261711e+00
-7.042051384581096141e-01,1.202816889175510662e+00,-3.361639642475807488e+00
-7.204842806988390747e-01,1.254426306064862828e+00,-3.363937934077340763e+00
-7.204842806988390747e-01,1.254426306064862828e+00,-3.363937934077340763e+00
-9.441538534262748916e-01,1.430750161079019644e+00,-2.427290230261405224e+00
-1.006237297627397886e+00,1.308609599721058503e+00,-2.279969297279285545e+00
-9.140975954682368787e-01,1.608389515190387087e+00,-2.687108424569410570e+00
-7.989321765853503177e-01,1.482639150748299661e+00,-2.615409272561719067e+00
-6.828142350160935070e-01,1.344667890602232685e+00,-6.805187388901143830e-01
-7.179954953147041907e-01,1.309900778198636040e+00,-9.458330704638020503e-01
-9.450795858003763206e-01,1.093928798159595539e+00,-1.315606146349601602e+00
-8.833968406826069319e-01,8.618189372985395336e-01,4.730952925916186436e-01
-5.876846564415795227e-01,1.726883388536731401e+00,-2.811924975178678121e+00
-5.155260504145813272e-01,1.825849276998644743e+00,9.641120743190338960e-01
-4.876804842136919227e-01,1.808778205527475480e+00,6.387182586249776639e-01
-6.409274404398184188e-01,1.565512048247215349e+00,-1.392561079039320804e+00
-3.730375407588509273e-01,1.265049057550589939e+00,-1.217760373913691629e-01
-1.740137645308839909e-01,8.337059583639406801e-01,7.969940753454033411e-01
5.342271863939356269e-01,4.671036315991918819e-01,2.200058676006530156e+00
5.154233285120767283e-01,7.338123863302735694e-01,2.058259680866045271e-02
-4.328133579602091649e-03,-6.785383842079112382e-02,-2.976902740705367201e+00
4.016770792626894182e-01,1.783094054574207998e-01,1.741296206473857744e+00
3.253292568417642250e-01,7.968215039364957564e-01,-4.713716317445481252e+00
5.411757396257486086e-01,8.941967967195787459e-01,-1.531862606561864348e+00
6.342043148994264135e-01,6.184136961239535824e-01,-1.961176308491730857e+00
3.029725282231293115e-01,5.168388403570602918e-01,-5.705240209322567368e-01
5.144175130806817320e-01,2.580739804415442817e-01,7.163758757257795984e-02
5.898927227421869590e-01,2.491622712447980337e-01,4.378113199893718388e-02
5.429055867116561185e-01,2.104247020762702869e-01,-5.536205147798604898e-02
1.591357701130763080e-01,2.582648972019898070e-01,2.912783929238046965e-01
7.027476853623847164e-02,2.891014287501337265e-01,-5.690198015338610027e-01
2.918078628552147613e-01,7.827999285674630200e-03,-5.903170555231378458e-01
9.781996904675235305e-01,3.802778192590722250e-01,-2.364780470988534500e+00
9.671595453346643056e-01,6.351141484920648228e-01,-1.061555872466024342e+00
5.889878823143024356e-01,2.288688592009266998e-01,7.476605075009481460e-01
8.585397486685973911e-01,8.804181932482844086e-01,8.065613810440330766e-01
6.373189757337908157e-01,1.082541375723606203e+00,1.183518810890933137e+00
-3.284707762058211022e-01,4.729818008774150928e-01,-5.713768081094102724e-01
1.329403636125538468e-01,1.192134302300878801e+00,1.118768770291399095e+00
6.783967165672917521e-02,1.072104027389770842e+00,9.339912646180854594e-01
4.174335438692146349e-02,7.187940235397425326e-01,6.610134088571191224e-01
2.180351745563780252e-01,1.054995927240040654e+00,-5.547002284000213113e-01
4.972767389124865267e-01,-3.946094324445484913e-01,8.977081429478529773e-02
9.244896549282731468e-02,7.909084690906389437e-01,6.225680060058579324e-01
2.564379362848888122e-01,7.549238457657804213e-01,7.514791749023993495e-01
1.622086359824918486e-02,-1.717082320690032915e-01,-1.975561450555743392e-01
1.688820963242317064e-01,8.049239433006556421e-01,7.757445083577338973e-01
4.599941393797803424e-01,4.348719292040474360e-01,6.172659805835598590e-01
4.671809664615095281e-01,7.772988501277091622e-01,7.603686729487587614e-01
-1.269389054667145467e-01,1.823485487865587062e-01,7.101237450824652297e-01
6.099180197508106138e-01,2.397535971226883444e-01,-1.198975779504546590e+00
9.403199154567495333e-01,3.915573893150881557e-01,-5.958786452051592075e-01
6.169901426108211906e-01,1.603305924314091524e-01,3.569782796002044511e-01
7.174865476376385276e-01,2.445972439352266103e-01,2.991511978976984509e-01
6.944801334222323597e-01,-5.481977198105034144e-02,2.785801333123060775e-01
5.854823586550319536e-01,-1.259399413079454744e-01,-1.188444350134195693e+00
4.283421990810915014e-01,8.407274334719970488e-02,-1.278465480802369436e+00
4.525201518891654451e-01,2.515995607444363458e-01,-7.083741112632053749e-01
2.811197232001247936e-01,-4.037309526303999307e-01,-5.653509461971869543e-01
-2.470428599991807417e-01,5.504341808469933595e-01,-3.288227386221264759e+00
-9.442154671988849460e-03,5.482206752021144824e-01,-9.368023404503182938e-01
2.119150820866222140e-01,6.485805173038882154e-01,-2.217486664741607605e+00
1.580180186653009355e-01,3.299128911532152597e-01,-2.179938439449867982e+00
2.064031991948145350e-01,1.008546278956852671e+00,-1.510034262323644239e+00
-4.456481464400555148e-02,2.968374201343674246e-01,4.748808167826522597e-01
4.914816054289061764e-01,1.189820669947792703e-01,3.118970295292621819e-01
7.059554001835199877e-02,3.782991858783361638e-01,-1.409040052221242345e-01
1.955960819717702803e-01,4.996841534914909372e-02,-9.961566073176290892e-02
-3.396391736698440300e-01,6.620937314590644718e-01,5.568921923217104997e-01
-6.743933402009837375e-01,8.349024475298341130e-01,1.479655372271314606e-01
-5.545617266365273634e-01,7.049416072581711212e-01,-8.903520615842304142e-01
-5.848607248417398985e-01,5.475487267578140749e-01,-9.339089601276041597e-01
-8.933180392709043627e-01,1.025554212564178780e+00,-1.051479411839130629e+00
-1.125437397222236013e+00,9.188976634247835173e-01,4.552170228646780781e-01
-8.489249572735901861e-01,1.096038214867759653e+00,-6.071367515771823875e-01
2.223152817632960687e-01,6.344581296731602871e-01,8.655109380287459020e-01
3.406350749887135376e-01,-1.119933189544818908e-01,8.396260581937082801e-01
-3.835537814594470185e-01,-1.270130185921265198e-01,-1.356545648782578883e+00
-3.333983147298464900e-01,-2.463295645233166131e-01,-8.390393433220495467e-01
-3.063852512473439482e-01,1.562850067578491209e-01,-1.085789369137042160e+00
-1.599342962521894951e-01,2.599515737905789270e-01,2.995724464949229421e-02
-1.312411215474103832e-01,2.496998197840385736e-01,-5.451429491197937183e-02
-5.537986847803658685e-01,6.628965350720842364e-01,-3.054897400261495366e-01
-1.430108897648773303e-01,6.109336070891668857e-01,-6.158184516505206263e-01
-6.048989619546374374e-01,8.447855711879186380e-01,-8.487181987232322866e-01
-7.631315682584848270e-01,7.054408967096131855e-01,-1.592970338400311991e+00
-5.872149191405870994e-01,4.731464862038496921e-01,-1.208689602030398880e-01
-5.671820024500560109e-01,3.429530522416359140e-01,5.132296901182593213e-02
-3.951052228452671122e-01,-1.866878385405632002e-01,-2.715811334111715714e-01
-4.257357414340133261e-01,-1.170747830565561781e-01,6.218218132523039426e-02
-6.365053527961000990e-02,-1.638319219994013864e-01,-2.352328385929602361e-01
-2.118563377214523480e-01,-3.755241496182588207e-02,-2.930406130555244792e-01
1.378703382755739337e-01,3.506675937765274531e-02,4.150657796430023971e-01
-1.320248430309328702e-01,-2.431893629518079233e-02,1.487130016997841031e-01
1.192985755840247214e-01,8.248707215624802025e-01,6.821670093746463603e-01
-3.287082970812525429e-01,9.534390321166317239e-01,9.259378868124726880e-01
3.191574944919114420e-01,8.587295445014031525e-01,3.706074387202041853e-01
1.375019786369744736e-02,9.142864639270436022e-01,4.664486731434360767e-01
1.683975941250197839e-01,-2.168822225913977133e-03,3.482013532760054320e-01
1.323076860271019950e-01,-6.766035019780940185e-02,8.034842324154171933e-02
5.887271256505845901e-02,2.144358955056263061e-01,1.794318524005162618e-01
4.824791538230442933e-01,3.951066419785922434e-01,-1.217224953587965897e-01
1.203568470811344632e-01,4.216899533897757180e-01,2.998341228402599534e-01
4.061380311371055041e-01,2.726134867824121510e-01,2.312647296163086730e-01
2.222046773527257824e-01,6.053321473834141209e-01,7.047135325556314056e-01
4.994915429769988813e-01,3.596664598647355549e-01,1.551161056402355631e-01
4.488885789892255729e-01,9.477610136491564086e-02,-2.491210532248220866e-01
-3.254077350150559877e-01,3.140470209304123683e-01,2.515103983714198632e-01
-3.520000691375739788e-01,-7.699929546864510421e-02,-3.700401314206281711e+00
-4.373636134843563728e-01,5.394327414252472197e-01,-5.848027894821201667e-01
-2.354274294385360899e-01,1.161898295226091227e+00,6.088713523375464121e-01
-2.320550472275715037e-01,1.211817316887167317e+00,1.215429702516552801e-01
-2.513192718969238793e-01,1.306122226445796564e+00,-1.038346886898268817e+00
6.783718449978697052e-02,9.469176381230803852e-01,6.459738142652710069e-01
-7.293885700242171144e-02,2.079060072275845106e-01,4.265432278912958397e-01
-4.395632115119953442e-01,2.493906794098071644e-01,1.102514811036313658e-01
-4.376980430862292826e-01,1.867562382520012998e-01,7.565029163119001421e-01
-3.511309977234648994e-01,3.409122724776694757e-01,2.898711869195363944e-01
-3.799545222871089645e-01,4.596022742565102903e-01,-1.543041903300895745e+00
-5.820896368902113149e-01,7.130122808710422921e-01,-1.573800219032959191e+00
-7.859101721805093407e-04,5.652484861586272169e-01,5.734210450171842721e-01
-3.285904018433842555e-02,-2.416029853707571395e-02,2.248066621725476555e+00
-1.561955878171866208e-01,1.137838448832191762e+00,1.181266053429351759e+00
-1.098066433671925357e-01,1.301520783773551848e+00,1.571706299025591669e+00
-4.087928299169174551e-01,1.227175836305047119e+00,1.224686812570941363e+00
-4.587535906906128891e-02,1.222023528531895220e+00,1.642373351800340275e+00
-4.744164301093914404e-01,1.285092864610169805e+00,4.894263746583965569e-01
-8.912029387357449373e-02,1.337999529843213908e+00,2.440322423561467335e-01
2.277364187911687030e-02,9.199540773543363192e-01,1.073974244856707116e+00
-5.582889863109555817e-01,1.576083559572981629e+00,1.668361246010044763e+00
-3.539269892208406487e-01,1.890165345981404288e+00,9.472465931351315982e-01
-2.374699933035114702e-02,6.625861697745661916e-01,-7.686296525150261294e-01
-2.134633576995675561e-02,4.648213640970826344e-01,3.671725465786010445e-02
-2.058014750411504001e-01,6.642190185840622929e-01,-3.336041495462551687e+00
-2.927294899632928438e-01,8.781834385639201157e-01,-1.544724933974179315e+00
-6.600125592906759264e-01,7.567034883606164053e-01,-8.973236521197018589e-03
-2.467050282478116807e-01,3.708172150515992027e-01,-1.481776293617345919e-01
-4.419946840528886089e-01,7.082630677701801103e-01,-5.147291396016367981e-01
-4.243437928262521197e-01,6.896415208434223398e-01,-1.013226516926196918e+00
-4.456619224487805009e-01,7.906844578224070386e-01,-9.603064778406431579e-01
-4.507239679053299253e-01,7.800654803510871371e-01,-1.396338210845760708e+00
-4.395797907334813570e-01,5.985566952778023087e-01,-1.346358432937230787e-02
-3.782971016682835641e-01,5.232678851999938985e-01,-9.212756958347554370e-01
3.726494386560266214e-01,6.117858758029836030e-01,-1.588030796629350316e+00
2.979136354159541145e-01,6.696857130211746334e-01,-6.736820769178700763e-01
1.979461853802045590e-01,-3.135372798022126872e-01,6.905616872307589471e-01
1.757402287033298927e-01,-2.980958243916970729e-01,6.284806643087645917e-01
-1.592908194708061165e-01,-4.961048600418597743e-01,-1.307458663276384048e+00
5.633139560164563964e-01,-7.613546937876904952e-01,1.415453613126811585e-03
6.177711777192492759e-01,-1.012694114283944069e-01,-1.534070076409360883e+00
-4.312276943996439481e-03,-5.867423783804838200e-01,8.440572189200489239e-01
2.162810185659639062e-01,-4.763049021413752193e-01,8.483652528840341933e-01
3.190200239956241801e-01,-4.910061770030200723e-01,-1.772944628267697775e-01
-1.423505178835962337e-01,-6.048232647840903059e-02,-1.713914078061494206e-01
-4.036700811770753128e-01,-3.195167829174712648e-01,-6.443865597108771048e-01
-3.011289152680519665e-01,3.812037997482904395e-01,6.341492000152804120e-01
-2.901624983024250204e-01,3.032677444075349005e-01,1.057360582599206067e+00
-5.652271459099823536e-01,-2.762483176608828694e-01,-6.356278995924444786e-01
1.488910798832812910e-01,1.307029294134178510e-01,6.501677998609908804e-02
-1.264165975195745938e-02,2.951103219021783408e-01,2.609690304441595332e-01
3.518268872434815540e-03,6.828193153047801278e-01,5.047509072691098719e-01
2.986181771754107261e-01,3.976429138985435596e-01,2.874184759956693869e-01
2.521097912628705862e-01,5.085228738953414540e-01,4.214781391016169665e-01
2.108801215350094294e-01,2.532347430374887187e-01,3.233656459596389587e-01
2.876411051139617370e-01,9.046634259243670206e-02,1.389401463109777024e-01
7.186518786997853070e-02,4.187496003442631176e-01,5.421942503531033963e-02
-1.485702665963176405e-01,6.989129143402651456e-01,-2.019249272308630272e-01
1.228136138299037450e-01,1.032400665732335465e+00,1.928010149943168106e+00
1.846893421684958070e-01,1.470739065437119297e+00,1.172394897071957764e+00
-1.628644952852130734e-01,1.981024676999364686e+00,-1.022406592185055807e+00
5.282169803446202377e-02,1.961345331401785463e+00,6.479977486948459431e-01
3.516493640909411078e-01,2.325998436048084983e+00,6.953392883105683486e-01
6.489600693963830658e-01,1.793479072476700242e+00,2.071445020099023981e+00
6.146335666551274723e-01,1.679323743699254523e+00,1.806582556671751938e+00
6.926281026699085963e-01,1.734368734255673283e+00,4.917737405896949188e-01
1.156358911449428400e-01,2.418067112850951883e+00,6.052640255857439922e-01
8.029412349892253720e-02,2.543594748017385498e+00,-4.769443607929870765e+00
-2.232115760864180620e-01,2.405305133011355956e+00,-3.629562491523313117e+00
4.284864039798853830e-02,2.156395588076411851e+00,-3.096937506801290318e+00
1.222526644972385113e-01,1.728771330719569121e+00,-2.967008874257931250e+00
-2.545263492248345805e-01,1.606372241899239661e+00,-2.055450185887072845e+00
6.281265705611568939e-02,1.612365298343672482e+00,-2.462992625902527877e+00
2.698446386470226277e-01,8.083942768075044194e-01,-2.389053143511477018e+00
2.863409273882766559e-01,9.025088245141924537e-01,-2.501297485865184633e+00
4.300453792569600142e-01,1.236614615407116036e+00,-3.326359327248920028e+00
1.547734860903367538e-01,1.418864762539910673e+00,-8.651739517945811198e-01
-3.618245617873160902e-01,1.359398990302992383e+00,8.014363983275847314e-01
-5.674708177775527052e-01,1.787716226826334243e+00,1.591875769978842614e+00
-2.239258166180873588e-01,2.339665257400473486e+00,-7.055106894123045480e-01
-4.406963492644316860e-01,2.199347074384899958e+00,1.655073086254412518e+00
-1.515529325690429641e+00,2.127905649501982133e+00,-6.593134087032256341e-01
-1.595216206400982273e+00,2.555686918265264840e+00,4.052481778532105450e-01
-8.429770246684643586e-01,1.818025715945752463e+00,-2.242979431092008369e+00
-1.277806853344612525e+00,1.254501575659120460e+00,7.514298385816865489e-01
-1.100233279252578189e+00,1.249140424910800684e+00,1.546090718005308506e+00
-1.251708196460210143e+00,1.557671455470480693e+00,5.104438400953217325e-01
-5.947794701157400610e-01,1.716949361238303773e+00,1.692237967567451928e+00
2.638349340210291785e-02,1.178877564483332696e+00,-1.939325126048027093e+00
-1.965232609461081970e-01,8.169851160028869241e-01,1.453982862614840443e-01
-2.609101579264395676e-01,1.329370372440279668e+00,-1.124295698941256694e+00
-2.812376050093339797e-01,1.187892179129753201e+00,-8.472049250073455662e-01
-2.440447948708443504e-01,1.145289471108960067e+00,-8.676698216239761008e-01
-2.593268346255637735e-01,4.349545148556457907e-01,-3.474862676320339405e-01
-4.542229702679581038e-01,7.283284853971553341e-01,-4.834722781624202770e-01
-4.409341209195750677e-01,5.862846349013253189e-01,-1.492821635821068416e+00
-2.890601785260356049e-01,5.934649487830830905e-01,-1.998311847482225234e+00
-2.793354611608930282e-01,4.368171855844120710e-01,-2.017757924320942919e+00
5.101112004710866427e-02,6.390856978620026441e-01,-7.414362991054436192e-01
1.218017957187863126e-01,6.573551254570193514e-01,-9.946304595828454609e-01
3.272090563538245789e-01,3.005275161326428912e-01,-1.679643931689100533e+00
2.887990796782548622e-02,6.245489822470562391e-01,-1.127503608239371236e+00
9.511554702226960364e-04,5.671980775724627666e-01,-1.436119020819526693e+00
-1.136722165972357534e-01,6.340189599924821451e-01,-4.680333682243180693e-01
-4.850613730742443508e-01,1.342593405685678087e+00,2.897408011200272582e-01
-2.952200217524991732e-01,1.005490138695392499e+00,9.939374555246930365e-01
-1.060366269456195637e-01,8.414866324201293324e-01,1.001795667706793624e+00
1.791820434825124042e-01,5.013314055410644787e-01,-3.800590155294543138e-01
1.734502589846304288e-01,5.105410729434080030e-01,-4.729535829887350773e-01
2.777367418844657321e-01,1.732968225454542543e-01,5.548889577580546906e-01
4.225672114696057413e-01,2.637990719895902947e-01,-1.113003084231176887e+00
3.543786872791150899e-01,-2.085429346187709851e-02,2.110575669003777743e-01
7.236000257355166276e-01,-3.581107918010379421e-01,-7.408348525435258791e-01
5.180528004587043878e-01,-1.372206927173068025e-01,-2.655603660907611130e-01
6.413273538744199698e-01,-2.907335023767197990e-01,-6.921682262401607222e-01
4.883150658557848245e-01,-2.735062440345581436e-01,3.382917174303095437e-02
6.801401989516072666e-01,-2.632975333382759908e-01,2.791573978615156104e-01
6.269554929445820823e-01,1.709236234267751675e-01,3.322404804724319871e-01
3.049286178549218684e-01,-1.736741317399463358e-01,-9.824867017306082584e-01
2.903483222497598715e-01,-1.910923710878557613e-01,-9.151134337360388171e-01
2.006836356546342348e-01,-3.073830852688019810e-01,-1.345552715920231013e-01
8.981685682953479688e-01,1.983622738683622766e-01,5.710202805816367855e-01
6.461107880628208511e-01,7.983537543064429531e-01,-2.035097758188195161e-01
6.081719638139336803e-01,2.781635938566136557e-01,7.925097966264295080e-01
8.197984708780436947e-01,3.931359415204339069e-01,1.003772367368441998e+00
4.316793988148929784e-01,7.649405373285189658e-01,3.066741204708814950e-01
2.861513276059544086e-01,1.004282747510513163e+00,1.414276794333076070e+00
2.757692649804882601e-01,7.595461748446002970e-01,-1.132275837172676436e+00
1.975322549880686451e-01,2.924228995660227426e-01,-3.296051330273675362e+00
1.058460061144882225e+00,1.242490332297686018e-01,-2.612441212834043291e+00
4.964243597306763900e-01,4.145974095076703225e-01,-2.142444039533471511e-01
6.106925404587154604e-01,4.171878655125070279e-01,-1.715948979076021841e-01
2.384919328330356580e-01,5.817129848384738899e-02,-1.786901506172382970e+00
6.301285335382961206e-01,-3.580450917685280010e-01,-3.896696613108684981e-01
9.095290539504259364e-01,-2.920562185383994425e-02,-7.672610420463484848e-01
1.187767299981856484e+00,-2.500425357977652946e-02,2.334126904625730969e-01
1.112939090492029548e+00,1.839068754821490126e-01,4.962092159451599316e-01
1.108084990298707107e+00,2.332996855198864183e-01,1.303847772613880851e+00
9.556189149865959021e-01,1.277721592382429772e-01,3.336503625155762265e-01
3.870715992909997127e-01,1.329513400131584477e-01,3.886480978463854319e-01
4.497205069996139115e-01,-3.421030501306310256e-02,1.879745227428897547e-01
5.625389450481687037e-01,1.236183168126924782e-02,2.855890402140833784e-01
4.463139389602717166e-01,-6.387661769572641757e-02,-2.642046140879766858e-01
4.697413673989413452e-01,3.624787835622352850e-01,9.848650299449663859e-01
7.203737952283814083e-01,-5.831857740608243912e-01,-8.078230403737717280e-01
7.286774129521275123e-01,-5.714787432651086130e-01,-8.825468068101325336e-01
4.740211272606492665e-01,-4.025844454172712306e-01,1.992586821753605242e-01
5.834183142883840878e-01,-2.190331934855512253e-01,-2.523008446381933556e-01
-1.793579724213179849e-01,1.202988148783979305e+00,1.045559633223891005e+00
2.146190423048544849e-01,9.058735936688439017e-01,7.170343013278451805e-01
1.585515401067247310e-01,6.809538559879868558e-01,9.369981228171844201e-01
2.306792965806900297e-01,7.900604114825464652e-01,-3.587530470313100572e-01
1.210739673501814440e-01,5.964964814106726854e-01,-8.521366631831962524e-01
-6.333941100342993513e-02,5.798726758493828459e-01,-9.951467157389715101e-01
-5.618689329179476707e-03,6.048713480535862219e-01,-1.131035546243217116e+00
-3.940149845166598941e-01,8.271767804942059543e-01,3.433175653985161002e-01
-2.579463369199253564e-01,-2.005420445520046946e-01,4.873178871121608413e-01
-2.180486241866280428e-01,-2.358538963207286732e-01,5.210396690434789813e-01
1.460045515361840449e-02,5.759969695102151732e-01,-9.420364214131277114e-02
-1.767352028602745817e-01,-7.186373151610336071e-04,-1.178432841117519336e-01
2.187698137828665845e-01,-4.625837817935273266e-01,3.271280194948389952e-01
3.856348047351770281e-01,-7.216900216214701402e-02,-8.562971767717231231e-01
3.229919480376318153e-01,2.894557715770531559e-01,1.026563561895920795e+00
-2.888624948462167330e-01,7.158942904934108009e-01,-5.901036097973206829e-01
-7.489378477871229400e-02,5.743049658300521942e-01,7.413183576128531405e-01
1.143793587382976595e-01,8.402507158708661938e-01,9.080550807777890698e-01
5.070295747930831931e-01,8.564824345244597126e-01,9.936733869042950751e-01
5.633314998804325180e-01,4.812504479152410197e-01,1.815685115940294247e+00
4.866925558636036042e-01,5.235395016826478454e-01,1.696500214469002898e+00
6.727838930641797388e-01,6.213977472585373585e-01,3.063229407726503761e-01
4.688741284598274550e-01,5.977197415436376060e-01,-3.882081375793446781e-02
4.854146375474629460e-01,5.709973993256108882e-01,-2.478377950715306699e-01
2.475857006424097007e-01,2.093098670029856778e-01,3.171509459870726633e-01
3.742192212202828383e-01,2.411412956536613528e-01,3.535558171825585738e-01
6.978162849953224445e-01,-1.565766938885831960e-01,3.986063384875289106e-01
4.182345684819856468e-01,-9.819771140318617197e-02,-4.922215123251574287e-01
3.200561939029379355e-01,-2.603239269699403891e-01,2.683616600787065987e-01
7.777451310916284610e-01,-3.933224333744351209e-01,-1.524450085559225510e-01
7.277087736550073016e-01,-4.022915186707400337e-01,-1.029659986647668002e-01
5.607934753201508915e-01,-1.643666200048054526e-01,-5.605660944063539652e-01
2.166970655845746885e-01,-1.600142112112687073e-02,1.660431397930202391e-01
3.694727496826876734e-01,2.126729636163779413e-01,2.248707331472437621e-01
4.446453751166760116e-01,1.262595123154344745e-01,2.794256126816158092e-01
4.446453751166760116e-01,1.262595123154344745e-01,2.794256126816158092e-01
4.446453751166760116e-01,1.262595123154344745e-01,2.794256126816158092e-01
4.446453751166760116e-01,1.262595123154344745e-01,2.794256126816158092e-01
4.476187344982394678e-01,1.429435317780219927e-01,1.621307523243307736e-01
2.139420576765224125e-01,9.447355704033638668e-02,2.180204277054436091e-01
2.973819500107112157e-01,8.908103930803944193e-02,-4.466436292601528441e-02
3.096365948924580946e-01,3.599918297765583586e-01,1.352933961335286983e-01
3.630711283456643512e-01,4.405085625977743502e-02,5.212848446651319190e-01
1.890168203134326083e-02,4.287237953624274400e-01,3.083951462715984193e-01
1.515145630921269915e-01,5.071447186028313903e-01,3.293476805146745567e-01
6.932299275027743735e-02,4.724309203362084264e-01,8.053023631086331235e-02
5.652573901655302130e-02,4.781416901311513201e-01,-2.902453725786839356e-01
2.691293010340508052e-01,2.628940323134195123e-01,1.190283579877557063e+00
6.031703003221045717e-02,1.069793307329627713e-01,3.208679882908810899e-01
1.215962762808581038e-01,5.248191134226303650e-02,8.068674104540940473e-02
1.365023133502930586e-01,9.467930650474484788e-02,-3.165755425802793122e-01
1.948459276494212411e-01,1.361921638555793623e-01,1.664636064217714095e-01
3.096170212470964467e-01,2.396503367680305197e-01,9.819928167407747377e-02
4.277285058908008031e-01,1.823953154314270630e-01,-1.584000131471350048e-01
5.931770368422909501e-01,3.361995047577531759e-02,-3.098885776244644230e-01
1.478260988368838846e-01,4.164303109287201959e-03,-2.109732805634501329e-01
3.785137548234032701e-01,1.068556749033454378e-01,3.266382219163363465e-01
9.801433931540456945e-02,2.011353815077424056e-01,-3.513590110789657217e-01
2.622030676421351347e-01,4.346562368865886650e-01,2.542464363408581951e-01
2.817920569093258498e-01,6.901435836108485988e-01,4.479083541197131230e-02
4.155910121690836734e-01,9.547865756701606754e-01,3.085276874507139055e-01
3.808233759095498994e-01,8.598416961509387502e-01,2.817825977238156976e-01
3.954842053413007430e-01,6.432159293822342638e-01,-2.170438619199696606e-01
3.865174557345201767e-01,4.815804298414151918e-01,3.064289440883758986e-01
3.912143141709413796e-01,5.040530480606975061e-01,2.736840614980382003e-01
-6.643122114949608862e-04,7.169886715415966227e-01,3.000221298899223288e-01
-1.242892892181615833e-01,7.836682927322358161e-01,5.664076632494914332e-01
1.472878173497123855e-01,7.599404957064571642e-01,-4.112919597117626475e-02
-3.607742901327948282e-01,3.758585275257869118e-01,-4.130033899158919164e-01
-2.647634595467395213e-01,4.726923501590107185e-02,1.286097782344348267e-02
3.596130383441769468e-02,1.863621495364907177e-01,-3.437779889551202395e-01
-3.958474936365015129e-01,-2.541876393619316721e-01,-1.398671586047130155e+00
-2.631946041371714951e-01,-3.103019898973133003e-02,-1.659631706407365792e+00
1.798365506755746079e-01,-1.626344453095970588e-01,1.038448828359417764e+00
-2.641781797040592197e-02,-2.543194143209570046e-01,-2.799799741446030721e-01
4.864120086746804607e-03,-8.115690678244009970e-02,-8.674373963811292665e-01
2.868196302840711216e-03,2.302615440207883279e-01,3.192390252709801923e-01
-6.903133976277825434e-01,1.393834266152647938e+00,7.096890005492474396e-01
-3.916988715437416113e-01,2.008461849878279804e+00,-8.067308059835269773e-01
-3.334623433592461272e-01,1.809476505859568762e+00,-1.066089176767725633e+00
-5.310470271059650749e-01,1.591811295671835103e+00,1.420721785855452723e-01
-4.655927116286616707e-01,1.755823143844284617e+00,6.789027881263284270e-01
-8.764019052218198214e-01,1.788986083553098849e+00,5.311675050468870340e-01
-7.897773038899088549e-01,1.525475023465280078e+00,2.060346047573484440e-02
-8.213594528437279108e-01,1.665799727526862783e+00,-4.076558813695806971e-01
-5.582007943655425963e-01,1.403434809052954702e+00,8.946490279164636128e-01
-6.022565732913636172e-01,1.505034201892689882e+00,6.931606355581779733e-01
-7.918045935288844372e-01,1.478967144461795113e+00,1.616287614849722665e-01
-4.985081117167221576e-01,1.347480028986342226e+00,-9.847875216552544053e-01
-5.170966669795117321e-01,1.277266843813681385e+00,-8.251107491952639483e-01
-2.047434501887861746e-01,1.147194649261178867e+00,-1.376370091902466175e+00
-4.362998614907055706e-02,1.388066301083201060e+00,-1.040673895628026591e+00
-5.337453834410190723e-01,1.856440781662439976e+00,1.481478647745526622e+00
-5.727291628371428134e-01,9.493040270591441843e-01,-8.363183624241834480e-01
-1.329653841324215380e-01,1.203392402802702987e+00,1.251232209160738407e+00
-3.276019109556486120e-01,1.182559513793616901e+00,9.304845774056195173e-01
-4.315535317395489678e-01,1.131592173773948495e+00,3.939163479720853567e-01
-3.393520377063481263e-03,1.306345792497800584e+00,1.867924214548345230e+00
4.453381045935342897e-01,1.318715261427550800e+00,4.317458680186272435e-01
1.065092162283165361e-01,1.700682986544228337e+00,2.837766277399192294e+00
-3.453570511684156963e-01,1.411459527203397402e+00,1.107140498359738157e+00
-2.289512515306055263e-01,1.502611407149143430e+00,4.868041722385791914e-01
-6.211970913576864151e-02,1.832337370085334260e+00,2.656422394821036370e-01
-5.007242290949395075e-02,1.796794866446610239e+00,3.548788934815284568e-01
-1.747871464601391256e-01,6.734208038817547370e-01,2.085021441062411274e+00
-1.597690492852680277e-01,7.372452772657651643e-01,1.982250001173555543e+00
-1.957076595446690381e-01,7.219911101727034541e-01,2.435837919832386955e+00
-3.445331595673961078e-01,8.373187603315145333e-01,2.270867003269492646e+00
-1.858301335525099629e-01,7.005810169229386153e-01,6.882079585180556069e-01
-1.231175496973398037e-01,3.459288079875534883e-01,1.225030725389703701e+00
2.983046707114517804e-01,-2.778555751721466516e-01,-1.211646435700497459e-01
4.721866889556939340e-01,-2.507911719971304132e-01,-6.112801966533425446e-01
6.804890925520945544e-01,-2.204743350209954766e-01,8.087590637361291579e-01
4.601362537473625003e-01,-1.171933958976700968e-01,2.396061259072423955e-01
4.447524192517673391e-01,-7.855261364373604671e-01,-5.327738199474275627e-01
4.632896950704550321e-01,-1.377922886557372828e-02,1.038804459264563329e+00
-1.478892082726050716e-01,3.455959110056971983e-01,1.832715615271969870e-02
1.630436995752596596e-01,4.394688826880848720e-01,4.426708519383699969e-02
4.000116945940532243e-01,-5.005395155211263269e-02,2.709197887047098408e-01
-3.017237982138814001e-01,5.127154101090714011e-01,3.134165290586439778e-01
-1.055484499262346852e-02,1.365496325703019209e-01,-6.529778177648928317e-01
3.101283367885822040e-01,2.381425457929509937e-01,6.296886874920082366e-01
3.760569081056562568e-02,3.046057806684480118e-01,2.808927057836589358e-01
3.273631479035436775e-02,1.968966536966781922e-01,9.478494491620098605e-02
6.273774010344069785e-01,3.586553597212460698e-01,9.078894989449027841e-01
4.680553010285312121e-01,3.236003039957915939e-01,-1.365425030592539724e+00
5.461407614670861499e-02,8.381876288087806159e-01,-1.026683568429211102e-01
2.987441753830299973e-01,5.037501774042651981e-01,6.642879207426695132e-01
4.057151098670424005e-01,1.664135374428373504e-01,-8.512328468980822072e-01
-1.917067556199974487e-01,2.765144470446186387e-01,2.166465272564046737e-02
-7.172109800533614521e-02,-1.200176545433365716e-01,1.650700940679087347e-01
2.553575137015596241e-01,-2.695041430571007424e-01,2.417833596019997866e-01
2.954392046122256144e-01,-3.637250286636948826e-01,1.069150285042342052e-01
2.826038952634986612e-01,-1.457424812537607972e-01,9.922937306075141350e-02
4.568345189543703833e-01,4.897245986603646628e-01,4.392182994788541572e-01
2.241807272290128050e-01,-3.327680463719779463e-02,1.870931729477664784e-01
-3.116498278875168837e-01,-1.690929701677668096e-01,-3.749229309257464671e-01
6.656822012700314151e-02,-1.082553790065848981e-01,2.117986575186771581e-01
5.057789078385471759e-01,6.696996682915995480e-01,2.143152124492279584e-02
1.289204558718430871e-01,1.118226165863003052e+00,1.778149291989453484e+00
3.252923679365203879e-01,1.122949036721061056e+00,2.205402104996278201e+00
2.876561960343289037e-01,6.760342928044233979e-01,3.767624238118710278e-01
1.330894028346177649e+00,3.251743567731792406e-01,5.775474998094143331e-01
9.651276715169250231e-01,6.096890636647750439e-01,1.232730616499800425e+00
9.929386250076006615e-01,6.360423501302777671e-01,1.355389910944744258e+00
1.241328958252118531e+00,1.275764534139911088e+00,3.138215267863836977e-01
6.761681390253425628e-01,5.009801957711901288e-01,4.686409101625542695e-01
7.620706558052486868e-01,2.986429241648799193e-01,1.561378045794780400e-01
6.782217432285694292e-01,-1.996563510753955606e-01,-4.655011863727824273e-01
9.891632032967589971e-01,-1.838726505369702724e-01,-1.655228705967996650e+00
5.861031958593879709e-01,-1.192349238832991487e-01,-1.689348009421803187e+00
8.714472301881300842e-01,-6.567778549294334134e-01,-2.838528319224988272e-01
9.329110550658553658e-01,-1.433477405875319022e+00,1.132542426991655082e+00
9.907933070102654671e-01,-1.050691386555377749e+00,1.303109521630087864e+00
1.840995539625576383e+00,-1.400759738747144656e+00,-1.450687465231474071e+00
1.285278209766487656e+00,-7.225965641024811870e-01,-2.642957147213493840e+00
1.379355613936029235e+00,-1.020457578239379881e+00,-1.961657565816814497e+00
1.388141773515278121e+00,-6.591095255497899652e-01,-2.143488880707753452e+00
1.124605047667542435e+00,-1.053425861039073208e+00,-2.735266182849676930e+00
1.511851077764687412e+00,-7.983979016390573280e-01,-1.382156560824117086e+00
8.453638847495129616e-01,-1.320800494304909201e+00,3.179272573102266630e+00
5.815884345685401469e-01,-6.913736013887711307e-01,-5.832067691285033363e-03
9.489933494404495518e-01,-6.448333886721109298e-01,-1.293132972878402676e+00
1.212076500332501805e+00,-7.937992466190707530e-01,-2.582768298690294007e+00
5.505645351550814137e-01,-8.224093128470054068e-03,-6.771469932162189620e-01
4.397687753051306991e-01,-2.548493779687333038e-01,-5.435170952920594795e-02
4.562647169893011556e-01,-2.276532945287222665e-01,1.429610635438639532e-01
1.676582435518684522e-01,-6.043570390283024146e-02,-2.340018491546833612e-01
4.731572673894280934e-01,7.489976365339393038e-02,1.265047206922831347e-01
1.862487047219837377e-01,1.230628351609339699e-01,1.141760438203558159e-02
2.441549920554968445e-01,2.549529961788036259e-01,3.274218691404596204e-01
1.061439035029605321e-01,4.569357632475530839e-01,6.563023428816382454e-01
-2.492718515608697838e-01,6.238009158293603695e-01,1.348445891107247885e+00
-3.746833759993813961e-01,9.824254312304174785e-01,2.041168026155244508e+00
-5.473180495776985843e-01,1.055074941360860441e+00,1.015168535667161781e-01
-1.995685206036740822e-01,8.584245779791874753e-01,-1.673863073580822425e-01
-2.568899443443922181e-01,8.919097429976627911e-01,-8.123026158425274978e-01
-3.499989025110419871e-01,8.593994374138108627e-01,1.475745621632464921e+00
-3.643946338628839543e-01,4.911160691263683487e-01,-4.414917910479693730e-01
-3.579880167447021533e-01,9.527042368529420324e-01,5.221791624398288700e-01
-3.996890365016615987e-01,9.760986263820583542e-01,7.330286133761074741e-01
-1.003523527929608139e-01,7.124620872943249195e-01,-9.082063612121809015e-01
2.175805272198685358e-01,7.259235236363498212e-01,-2.375540648762461959e+00
-2.142958299486230900e-01,1.222704647351695595e+00,1.446623380609488585e+00
-5.012403238723283083e-01,1.371740423427265876e+00,1.068137917973216000e+00
-4.070770566189413353e-01,9.520646236168850418e-01,-1.107865310256836766e+00
-8.184303732725414227e-01,8.782125767415797091e-01,1.127735501368161364e+00
-9.354193874074496762e-01,1.355397192929306271e+00,8.518269535759037669e-01
-8.824205810050176346e-01,1.487026924851324372e+00,-9.879523602301752971e-01
-7.825858355985308989e-01,1.186137042212315196e+00,-1.106096068842996383e+00
-6.672909801333613000e-01,9.152933991217494514e-01,1.219951195676842320e-01
-6.005728261952484326e-01,8.866556582941493847e-01,2.908469139153460267e-02
-6.441362006806945484e-01,8.411471116577234897e-01,1.015643941424089897e-01
-5.742860420157722690e-01,6.116869580605424073e-01,-7.541849609346267247e-01
-3.802760770714920802e-01,8.845803222761586815e-01,-3.528241635019452316e-01
-4.750393951696824657e-01,9.733002462368106622e-01,-1.583736319208884913e-01
-5.420281545244732824e-01,1.034134591591492569e+00,-1.728417309900894816e-01
-4.549354498773734989e-01,9.014304201397492777e-01,1.321212989020790429e+00
-4.642404934767137004e-01,6.573820100027560898e-01,1.925820534146500895e+00
3.186044389839167712e-01,7.684225555161149357e-01,-1.450344069537274461e+00
-1.236618007553734605e-01,9.931867148391152478e-01,-3.678203188242484822e-01
-4.525717955185105251e-02,-2.155608269558454415e-01,-1.500106181793581794e-01
-1.082783118100314745e-01,4.747010495361303484e-02,-6.073393730154452719e-02
1.197333881308390753e-02,8.921908266885142380e-02,-3.657446316873073228e-02
-5.580574857863257465e-03,7.364862930551475950e-02,1.585718594684072391e-01
8.895107430455796715e-02,-1.069198127747201729e-02,-1.787771565300284027e-01
2.006462183665182752e-01,4.177448067945127019e-01,5.157431673499374147e-01
4.387393524126378952e-01,5.726656216980892111e-01,3.204400580695147549e-01
4.652418021249028479e-01,6.595944776289583977e-01,5.910464696561950060e-01
3.948965223500291999e-01,3.315732233125973649e-01,3.311786909306764226e-01
-2.696359007210327174e-01,2.542947554256968501e-01,2.577427630544273929e-01
-2.812660752166090128e-01,6.139936469576695588e-01,-8.279229134558798719e-01
-3.967962990426936454e-01,8.235597600051485223e-01,-8.465609842327199708e-01
-2.142477818152969948e-01,7.802082368999284645e-01,-1.106413774254603855e+00
-4.802747459061774693e-01,-4.890352666249420666e-01,-3.251234045272119455e-01
-5.156800949846850335e-01,-5.752025004902208138e-01,-9.510675638739196636e-01
-1.584301393627137455e-01,4.337246931087325175e-01,3.831702652189211689e-01
3.130402861252959412e-01,4.685888004088207826e-01,3.166088791937652913e-01
1.046054811445478183e-01,3.774897770593542701e-01,8.627226318493561585e-01
7.382805217904636619e-02,3.325614471631294644e-01,2.038911536378255202e-02
2.736537110878421442e-01,3.046672580741058289e-01,-2.648881968507723617e-01
4.194565663959817781e-01,5.536951684894073633e-01,6.923290741221206357e-01
4.853634948651784908e-01,5.145373313018933858e-01,7.743148187756205836e-01
6.209327979378362894e-01,3.677032001393789051e-01,1.068086216362016838e+00
2.961650926837122721e-01,8.619357693593001635e-01,-2.574623298463839527e-01
4.282296568367943146e-01,1.386785025552733863e+00,1.399852123437038687e+00
3.190313969080976753e-01,1.725423277225353047e+00,9.295598532477369336e-01
-4.403661416473234613e-01,1.565466642090385996e+00,2.033058387459719396e-01
-6.892563629543057013e-01,1.598420982503170773e+00,1.030884996000996701e+00
-5.863906949120473167e-02,1.187367423918191500e+00,-1.640193783088727431e+00
8.026112270940691240e-02,4.991896309225554718e-01,1.635607932002309139e+00
5.488661135676638908e-02,4.673329546513422250e-01,-7.797422139314189593e-01
8.135927620588767617e-02,-1.258363977177839321e-01,-1.666109938917749167e+00
1.267445098865289388e-01,5.282345385134337157e-01,-7.129530482211046127e-01
7.456315404630389776e-02,5.904806938152383777e-01,2.559985227314435230e-01
3.743154116810891718e-01,9.720055066038728597e-01,-5.862920776200097883e-01
4.237647487800648149e-01,7.196442149410617883e-01,-1.231260535778952114e+00
9.869065693933769257e-02,3.456065138628314215e-01,1.176588219703054161e+00
3.614023647628883951e-01,5.613207350055240269e-03,7.360157736374137727e-01
1.306820074682817079e-01,-4.374232968486855833e-01,1.736956412020485230e+00
2.047911311520514421e-01,-3.871537529089501550e-01,4.437408205370860226e-01
-1.999390664867776446e-01,-9.245280419571516584e-01,8.136635454284288915e-01
3.613871205170197110e-01,-7.594905859881386778e-01,-8.381339854379260546e-01
-3.839487415411759613e-02,5.678324344780955046e-01,1.582889128926615596e+00
2.556354696216243116e-01,7.634510818548425615e-01,-7.556716686491166124e-02
2.303098779384029349e-01,4.772954406791177218e-01,-3.327474170381511387e-02
3.996886361533364407e-01,3.579204015913965975e-01,-1.918110017410199708e+00
1.746754135094072957e-01,1.472551120116970813e-01,-1.702144066277357037e+00
-3.163371878775700918e-01,3.603072314237580898e-01,-3.942806276340860561e-01
1.010250094477319338e-01,3.482359336934889860e-01,-6.400811135954487252e-01
-6.384081883483709863e-01,1.140363893000817530e+00,-5.489112359676594499e-01
-7.441694297065237773e-01,1.050149014187856888e+00,-9.190923970245102881e-01
-6.200802724994830539e-01,1.222930903367824618e+00,-3.474639961982942671e-01
-6.973178408562634711e-01,1.432584925055649716e+00,-2.686835371483485280e-01
-8.045060647530991593e-01,1.577417204969373987e+00,2.932418399806661080e-01
-1.020816655073051304e+00,1.596530525902556619e+00,7.419660069221365450e-01
-8.591331193040336878e-01,1.729755715411636752e+00,5.764573709833183957e-01
-7.927337617299404782e-01,1.716767237549494896e+00,8.967443989115743141e-01
-5.770252578039249958e-01,1.933796273611162464e+00,-1.589169464264607479e+00
-7.846118514707788316e-01,1.713964097490053184e+00,1.556120700414334035e+00
-6.935051349139749188e-01,1.615473055399325286e+00,1.319926477455356073e+00
-3.761296282946132163e-01,1.191712579046423803e+00,-7.198254350093246101e-01
-5.230633185367902227e-01,1.409505696394583563e+00,-1.171662601443555829e+00
-6.403513727099342107e-03,9.012109756353405832e-01,-8.145964125720374094e-01
1.162453317413239817e-01,1.018140457475041893e+00,-1.057477380509605158e+00
9.599496664141655630e-03,1.096450832028577738e+00,-1.455073923814501347e-01
-4.021829723558892344e-02,1.096742191354816320e+00,5.457601870531580274e-03
-5.136758231071184566e-01,8.821095168028184608e-01,9.651987393186690634e-01
-4.918821080174893279e-01,1.039576457992518188e+00,1.859892020553490788e-01
-4.005932393610239228e-01,7.525105063817609796e-01,-2.623849217637375109e-01
1.731615155549735829e-02,5.147056579409129418e-01,1.666104151798696087e+00
1.850060824407455951e-01,4.785923627774212874e-01,1.659636017098210070e+00
6.736659155778843555e-01,-2.604392225596590185e-02,-8.568521682226973857e-01
6.450359010525910097e-01,3.538051957136205405e-02,-1.300220655627205998e-04
4.519003840903502711e-01,2.328166868282083302e-01,-3.791354370741638613e-01
7.109943299924172955e-01,-4.704693784317924565e-02,-2.620182284407679862e+00
-2.917731080537524502e-01,1.762582322108401822e+00,2.822038024607141260e+00
-2.714550455949287788e-01,1.762236199628428590e+00,2.882798762693388195e+00
-6.666136542755798922e-02,1.265697337286968205e+00,-1.639534291589833437e+00
-3.610716989097301211e-01,1.244747207246118759e+00,-2.382974274396648440e+00
-9.900681548009150623e-02,1.167725677935560480e+00,-2.201252900082468322e+00
-3.580167369486814133e-01,1.327227113737663222e+00,-1.857617469935315846e+00
8.635425106092042835e-02,6.649617496376223347e-01,1.804778031295601437e+00
1.162465676246577512e-01,6.994282118941507198e-01,1.906589388703327614e+00
-5.454614505988255591e-01,1.119411956062029256e+00,-2.099001706995598848e+00
3.211986556965322759e-01,1.023347879149106854e+00,-6.328390198195705807e-01
4.905332241400811588e-01,6.915982425304117998e-01,6.400687254490278200e-02
-2.215545446610347746e-01,1.188572471173313438e+00,3.621565233651793392e-01
-3.966445633230149259e-02,9.382502335989628683e-01,-4.769047027218318857e-01
3.528370023605894579e-01,5.395309432696977492e-01,-2.221404756055988527e-01
5.385822703585640969e-01,2.332188414151757927e-01,-2.229062082672663980e-01
1.398031646807331718e-01,3.873414301756365474e-01,-1.555696183934500987e-01
1.380697208713138335e-01,1.923944875821932965e-01,4.054191321037008411e-01
1.641701850134013319e-01,4.840964474144331398e-01,9.023955399397921573e-01
3.240294157144716913e-01,5.747281891183094737e-01,2.023700353747891256e+00
1.170855703093447442e-01,4.433155567231776284e-01,3.927026306442063519e-01
1.243212105526090849e-01,3.991318098281403937e-01,2.754631916689243565e-01
1.243212105526090849e-01,3.991318098281403937e-01,2.754631916689243565e-01
1.416300776424454788e-01,4.509979562037403911e-01,2.488642502294230452e-01
1.637217146460654693e-01,4.640671933477772959e-01,2.124425348590337770e-01
4.894683565930476044e-01,3.252924427924326900e-01,3.912821860439980037e-01
3.696427299689334922e-01,5.421427702307957119e-01,5.046128624770410687e-01
6.479624628554995214e-01,-8.291782953910276435e-03,3.121998403431616720e-01
3.175064239705265301e-01,-2.332177471217447839e-01,3.499102108068208872e-01
3.694862935601855303e-01,-2.535027933583592352e-01,4.109931484471824881e-01
7.952627415649438092e-01,-4.094452403055414691e-01,-3.325944346327302514e-01
5.468505545229148668e-01,-1.315820797741635573e-01,-2.690501485344568344e+00
1.032723697623875031e-01,3.654123345425728808e-01,-5.720633035216690088e-01
-9.734202924739707510e-03,8.971818744952237967e-01,7.239194881655992564e-01
1.421690854789916247e-01,5.424006739287650092e-01,-2.491697644935732814e-01
2.970696895979472729e-01,6.152810855402973678e-01,-8.856938962555372941e-01
-3.208475911025351207e-02,-1.215905074219149895e-01,7.003683722246071275e-01
-3.208475911025351207e-02,-1.215905074219149895e-01,7.003683722246071275e-01
-3.829986041604933195e-02,-1.155673800792854367e-01,6.939516475906704063e-01
-4.091993424810261293e-02,-6.179190676315442915e-02,6.999069669367651292e-01
-2.577077872217544557e-02,-4.987821243109828717e-02,7.460194834515292417e-01
-2.577077872217544557e-02,-4.987821243109828717e-02,7.460194834515292417e-01
-2.577077872217544557e-02,-4.987821243109828717e-02,7.460194834515292417e-01
-2.577077872217544557e-02,-4.987821243109828717e-02,7.460194834515292417e-01
-1.816909757486535534e-02,-3.497843784546852269e-02,6.107978273206338127e-01
-1.816909757486535534e-02,-3.497843784546852269e-02,6.107978273206338127e-01
-7.700158041444120621e-04,-1.743457917235309573e-02,6.615550503628445655e-01
-7.700158041444120621e-04,-1.743457917235309573e-02,6.615550503628445655e-01
-2.541222447563466422e-02,3.227335613149732718e-01,-2.071561403091883719e-02
-7.356157976690665123e-02,3.053138952097839698e-01,4.350668863688661459e-01
3.138421949189504345e-01,6.904167759911301605e-01,1.743066095344660282e-01
4.780621024888542792e-01,5.454047652633330356e-01,3.790976684037477562e-01
2.969920876103079865e-01,1.596384235687735020e-01,2.647675057690619949e-01
6.141957104032357284e-01,3.918176323503566039e-01,3.598996173419770073e-01
5.639708961078162552e-01,6.606325341270113949e-01,5.442812068334026421e-01
3.734601295609490945e-01,1.969514373761248327e-02,-1.566125102668097235e-01
2.919856604387022769e-01,4.079594570558673916e-01,6.714812667708772720e-01
3.788814465913541429e-01,6.402194497837493392e-01,8.018061496744709471e-01
3.332626793432673096e-01,9.990347387308586846e-01,-1.039703393755943006e+00
4.683503442773268022e-01,1.899889175285862930e-01,1.483070097858707248e+00
6.429070736536337538e-01,-5.279214951490183300e-02,2.454476518267822094e+00
6.244265371237796014e-01,-1.374849171449854246e-01,1.870148935715466587e+00
2.144689727172993943e-01,-1.283830138140523158e-01,1.193422454958725121e+00
2.931913689519085042e-01,1.700127201733288851e-01,-1.266585516735059536e-01
4.170104576278316766e-01,3.260837743215521506e-04,-4.858406913801900928e-01
4.097766254603109615e-01,-5.168977723152445858e-01,-1.458350995186791010e+00
9.784441222940631899e-02,2.296655176054454850e-01,-1.173384459122791323e+00
3.065645602466748332e-01,8.965695503049629644e-02,2.216039883483722939e+00
1.693149166411171969e-01,1.657889036050006620e-02,-3.356840590442425665e+00
1.523682291790398047e-01,1.947912829111374255e-02,-1.765877943139994910e+00
8.651522061771613203e-02,5.257234979651580487e-01,-2.131459985631613652e+00
4.197773330192944852e-01,5.084991153284147414e-01,7.561392080541868843e-01
-2.233841397612361390e-02,9.092779329824780543e-01,6.825804463391645927e-01
1.247527757721603042e-01,3.190010233125541161e-02,-1.527229720661087975e-01
6.741657005790103740e-01,-1.955838031064527360e-01,3.139540459424408514e+00
4.955687920436068761e-01,1.828483465334667935e-01,3.141481313970120759e+00
8.983531572491318951e-01,-5.347140983611958776e-01,3.132351878048595939e-01
1.052888498841703990e+00,-6.461407917390520339e-01,-9.821314481713223632e-01
9.996289362936061629e-01,-5.723510139909642191e-01,-1.136336260153187672e+00
8.908073079579328368e-01,-8.194374678057728678e-01,-3.083318606502035042e+00
7.927206018075273475e-01,-7.121633640759678086e-01,-1.993882787114066080e+00
8.352545684495021883e-01,-5.249145679598009595e-01,-2.222233540148921271e+00
1.136479048254323887e+00,-6.801176757017178831e-01,-3.151880004884026754e+00
9.181864131144572561e-01,-3.613113425999504025e-01,-5.932477654301371306e-01
9.460479948870580413e-01,4.231911014831122447e-02,-5.142256869597541247e-01
9.699121795282475977e-01,1.574094474960122947e-01,-8.849374607593095687e-01
7.455009548350725046e-01,-7.247780772944826255e-01,-1.779181879541387623e+00
1.952215282326099366e-01,-7.088524080744520450e-01,1.246801946836647357e+00
1.026264045269725145e+00,-5.731331891746739293e-01,1.161354091372212571e-01
4.827797952569153339e-01,-1.112942897361497430e+00,6.251043700111176271e-01
5.863849091066006824e-01,-6.788430248229975206e-01,-2.054784738271466349e+00
5.832337129940408094e-01,-1.282468296627947479e+00,-9.184010898225205555e-01
4.754123201577639679e-01,-1.173434037833211541e+00,-1.624933735118433864e+00
1.220773808373984526e+00,-1.247700492409462791e+00,-1.818122863021645275e+00
4.503792871771764572e-01,-1.174974894901807287e+00,-1.018782295816531125e+00
6.374052011282060892e-01,-1.352497430430056546e+00,2.097522322953501162e-01
5.955174375918751428e-01,-9.808792810270434703e-01,-2.025397510037426851e+00
7.672267879128354950e-01,-1.294525099445632987e+00,-1.714065749951408035e+00
1.000959269668701079e+00,-3.334869815175927066e-01,5.181072047546199100e-01
6.292836328044585370e-01,-2.265542032028028674e-01,-3.562547918576462469e-01
1.343666172398909620e+00,-1.155692213313582517e+00,1.017932504101171642e-01
6.627882177356136939e-01,-9.074940246437154245e-01,7.533779261003489269e-01
1.125926905601628780e+00,-7.877573920848237599e-01,3.014996049223701013e-01
4.726554306684016549e-01,-1.071523986313645649e+00,-1.587943678891644117e+00
7.316056245268870439e-01,-1.289960241547307707e+00,-2.100327825637941626e+00
5.873363825519937187e-01,-1.306170975812387391e+00,-2.022917229802658756e+00
7.112657330045836224e-01,-1.261963286117111949e+00,-1.821611132843877323e+00
8.901446658581090299e-01,-9.444491160969420429e-01,1.877334424162860227e+00
8.388729548227813471e-01,-1.058736116885756529e+00,1.046023862705628416e+00
9.235322727896320139e-01,-9.981634250524685781e-01,8.974097558805529395e-01
7.962466810850995502e-01,-8.643693001353119909e-01,8.035319908708027370e-01
9.716137926819082837e-01,-1.130767715912442517e+00,-6.935961253869095122e-01
1.216514793501543457e+00,-9.215278893503831004e-01,-5.193855182449699792e-02
1.130851624911218378e+00,-7.451639722894962681e-01,-3.844267177605206753e-01
8.066091853285722868e-01,-6.535853062416140391e-01,4.052808361229537359e-02
7.698861541758897920e-01,-5.530361109073628212e-01,-3.644535738987136342e-01
7.739329163211331464e-01,-9.010523173815946363e-01,6.787519106176448380e-02
6.155852718660115297e-01,-8.096499474754687009e-01,1.251587320122407698e+00
1.157955122332210651e+00,-9.931346845509074761e-01,-1.737681406865003719e+00
1.146571798495494621e+00,-8.790849635626862835e-01,-4.285283483045724262e-01
1.005482481877611356e+00,-7.076152617378298482e-01,-7.411551541393766040e-01
2.014183700704095248e+00,-1.183495424773652216e+00,-1.258045608964361461e+00
1.148082585049472915e+00,-1.551004074037161784e+00,9.538339075702907677e-02
1.887770869098510440e+00,-1.164052501458681110e+00,1.833671828675949300e-01
1.434728412386303775e+00,-8.298991871213101668e-01,1.445769758688933149e-01
1.426729435625314624e+00,-1.430403089135662054e+00,-6.528079243098874329e-01
1.516026080340463267e+00,-1.336835922358102557e+00,-9.726632400901988884e-01
1.258643763409321714e+00,-1.372966832445785768e+00,-2.126733858895494933e+00
1.249127827876727048e+00,-1.364278978844273515e+00,-1.278484796850708261e+00
1.485732210463293068e+00,-1.530177587157258046e+00,-2.191792922021712720e+00
1.013041612860730689e+00,-1.554557095505146647e+00,-1.207220374811530661e+00
7.391175269956203886e-01,-6.185171558523250290e-01,1.629933499537100206e+00
1.026291919607803527e+00,-3.119793978769518916e-01,5.292309284947007697e-01
9.978626844393514439e-01,1.631914930289188603e-01,8.180699779173152830e-01
2.757390893861461634e-01,4.943984511098877821e-01,-6.782985236920637817e-01
-9.197469231148563615e-03,3.757249170549177286e-01,-8.318898420598551668e-01
1.281686592210498077e-01,3.333553633133990446e-01,-1.079956026307026917e+00
1.278947097997934490e-01,3.949216325490230717e-01,-1.066585467430022138e+00
1.189242792353788630e-01,3.736895284959112495e-01,-6.363551894717243140e-01
-8.768535640610641835e-03,4.068528623658939636e-01,-3.530220802651453105e-01
2.551841130786662304e-01,3.712329434889635182e-01,-2.453224395855707840e+00
1.777739655992661982e-01,5.352743831603427038e-01,-1.257443907962761509e+00
-6.333707797147647423e-01,3.953980745283389719e-01,-4.397960809097555268e-01
-3.817889750281081573e-01,5.615453392165801194e-01,-1.034644723787979004e+00
8.520624140924342588e-03,3.343722004114993429e-01,-2.714197392742125015e+00
2.907535573597244127e-01,2.916398037320192538e-01,-8.747135940107034768e-01
2.886663584902002810e-01,-1.417957005121896208e-01,-3.651396335081009692e+00
-2.949021309738982799e-01,3.982414505920091052e-01,2.365010386310430590e+00
-1.248241117043810133e-01,3.350989736346739467e-01,2.478015550013633828e+00
-2.498765149834254184e-01,3.212491307253488304e-01,1.903541028346883657e+00
-2.168659093013414474e-01,5.794551787268324983e-01,1.909974250708136312e+00
-4.801598065861704678e-01,2.712295630906618182e-01,3.248149236262271700e+00
-2.608634069495169294e-01,5.922990446647211638e-01,2.119208200427799227e+00
-1.886500710922963189e-02,6.145419091329937800e-01,1.434480745211622388e+00
-6.103034490695403297e-02,1.753871460098760104e-01,-5.549660405937327790e-01
1.374091866286282840e-02,1.352973505477162164e-01,1.005360798514485676e+00
2.703623692930519629e-01,5.368585107109948885e-03,-5.183312494592331454e-01
2.509855759063396863e-01,-1.846061405371954844e-01,1.857229965380544634e-01
1.429453413019400043e-01,2.074648689414764213e-01,3.093568727288045772e-01
2.993713790519312856e-01,7.096496141466854812e-01,6.652796783407053383e-01
-2.519187704501016714e-02,5.029223231351500623e-01,7.706566841281473623e-01
1.006509943699581272e-01,3.617523014574293705e-01,5.119750046451465586e-01
3.664087418850452971e-01,3.188172219584617384e-01,6.542870546327862469e-01
4.360714086909750486e-01,3.847310157539909903e-01,9.611215759847773210e-01
3.430697103294991779e-01,3.538695570172732396e-01,1.183382044148953316e+00
4.464134367376811907e-01,3.513675023093139060e-01,4.568624814796036770e-01
2.819726968818661583e-01,2.471378014964379921e-01,-1.529916396590116578e+00
3.866025494264773155e-01,2.891575326223701503e-01,-1.276743880677829734e+00
2.844914397055312363e-02,8.964432092429813759e-02,3.852791143047739064e-01
8.902701985547879782e-02,5.447625916899282439e-01,2.779414006435348972e-01
1.261854256994754953e-01,6.403816168479127269e-01,6.714315253974665332e-01
4.373272934699614090e-01,6.725176887477625487e-02,-1.609987028505903695e+00
1.612020560377556699e-01,-1.750091533961794371e-02,-1.362109782363299493e+00
-5.417832453081520283e-01,2.682939114750707565e-01,-2.333260512141415610e+00
-5.782227734759632504e-03,-1.532384191799690846e-03,-1.218874149033549070e+00
4.387967436895001683e-02,-2.319745961093083453e-01,-1.271019510095016569e+00
1.276538100360330719e-01,-2.372385124848425120e-01,-1.380703912836900749e+00
6.110986600392828150e-01,-3.292502748683486247e-01,-2.046261290511143027e+00
8.151643688897506346e-01,-4.686341268436015617e-01,-2.438016198011334623e+00
5.126392061805690181e-01,-3.181948406488070979e-01,-1.729266082690781026e-01
3.970809184668611658e-01,-4.023211490478831656e-03,4.025834788389998087e-01
1.026949521503823570e+00,-2.824232792542831216e-01,2.471234303001731969e-01
7.377450984618579843e-01,-1.150729519700658537e-01,5.091336948045412925e-01
9.747795425216299048e-01,9.702259805386038993e-02,-1.008557671841985970e+00
4.829304126187753399e-01,-3.231119232902103511e-02,2.468111027637897859e-01
8.505168343659156305e-01,5.666045616997075068e-02,2.581948463090535828e+00
4.763269593605093943e-01,-3.371397042898811591e-01,-1.605626655896796429e+00
7.258026756358690879e-01,-7.994121215468052988e-01,-9.499647261977143264e-01
6.967626611397267355e-01,-5.254030401260300076e-01,-5.418373117012396933e-02
8.016435064208177197e-01,-7.730425553012254536e-01,-9.001161835502758946e-01
7.563332520566466988e-01,-5.114617799532240605e-01,-3.956555225041923918e-01
4.874418911900392781e-01,-6.441554552509062281e-01,4.489499422285026520e-01
4.062100836380831415e-01,-6.263139539284261481e-01,5.624089776483718328e-01
7.002830566491938802e-01,3.535727283201097748e-01,9.350874551458538964e-01
1.901814276996559305e-01,4.612721718509748547e-01,1.622227051259456321e+00
7.751706133495323003e-01,1.589441765673328955e-01,4.062422376915411082e-01
7.353504926884811832e-01,1.524308360961190156e-01,-3.230095707482451561e-01
9.209870136292468423e-01,-9.364276984545430796e-03,-6.809600782140213804e-01
7.068757847417840301e-01,-5.734232782204713025e-02,-2.693712514165159666e-01
7.068757847417840301e-01,-5.734232782204713025e-02,-2.693712514165159666e-01
8.369757383027729425e-01,-3.861751796800051706e-02,-3.370208176478043383e-01
8.297460676375306710e-01,9.889187803624147066e-03,-2.964577592039064347e-01
7.898480016924163127e-01,-7.925335351642343040e-02,-4.946755960539341301e-01
8.437288756919525401e-01,-4.267562697693241813e-02,-5.907918818314462639e-01
8.437288756919525401e-01,-4.267562697693241813e-02,-5.907918818314462639e-01
8.264733797206654797e-01,-8.019361925640240696e-02,-6.225914642749355021e-01
8.264733797206654797e-01,-8.019361925640240696e-02,-6.225914642749355021e-01
7.934470334461491969e-01,8.680954354609521362e-02,-7.031438409562312808e-01
6.980235399466817592e-01,4.024647318009414582e-02,-2.006673335338520658e+00
3.697589546375499858e-01,6.539377362811581440e-01,-1.063638192122640103e+00
3.153882612433613342e-01,5.559353352106893853e-01,3.624956186932682400e-01
4.232131748565636231e-01,6.307041036025952119e-01,4.748368337841168407e-01
2.893870091323260119e-01,3.109409419218085446e-01,-1.024170108118460376e-01
3.779003178055985734e-01,7.439654202056109611e-01,9.324848237791817374e-01
1.075974019228521233e-01,8.605461632607808165e-03,3.524913558049755924e-01
-4.669709139749626120e-03,1.991344730689114662e-01,-1.582198524636427628e+00
-1.653193018401958314e-01,4.960119622164584352e-01,-1.036853061629469996e+00
-2.794286244605082570e-01,9.838725672871705408e-01,-1.248340997707240163e+00
2.292572298351006899e-01,2.432743287544779920e-01,-1.087559057590660627e+00
1.035143697140129687e-01,9.925809309659129609e-02,-5.038071535454343719e-01
1.213209031088581524e-01,3.528902181907128677e-01,-1.530901526490723530e+00
-7.098152444464148614e-01,5.510921787603756394e-01,-1.537860388887017926e-01
-3.064241756115722026e-01,1.757694845118442206e+00,-5.995799096684262253e-01
-1.846146761141686035e-02,1.216680251250974010e+00,7.571031641670528112e-01
2.459103173930969888e-01,7.297475475206096629e-01,-1.945282360815361600e-01
4.595939492441714624e-01,8.557804241106797827e-01,1.461106124134764261e+00
7.091742575557424821e-01,1.409178571402438795e-01,-1.784247107426477630e-01
8.441028392814284853e-01,-1.359145474167818557e-01,1.631653323497754826e+00
8.034210751147745633e-01,-2.653162158673433302e-01,-6.103364626874163701e-01
-3.580318968101193263e-03,4.127256011420388782e-01,1.110049294140364601e-01
-1.492682745354700358e-01,2.669847200159533029e-01,-3.075182845191548608e-01
2.880402181997763211e-01,1.004325797825564026e-01,1.351254517262458765e-01
2.597339682772520364e-01,1.392864195428317742e-01,4.152744866484457953e-01
2.896521024922113496e-01,4.408548860517644830e-01,4.788212963362690755e-01
3.283087233186403053e-01,4.202459621786997501e-01,4.327954052743683833e-01
2.287122775502072880e-01,1.741803152425663581e-01,3.001823679491488761e-01
9.576478280540290378e-02,1.713255554948682202e-01,2.045368917034693368e-01
-8.961850878407097432e-02,7.566255448263237149e-02,-8.195504248452845086e-02
3.679173392862206127e-01,3.493731898307984585e-01,3.738275414844667854e-01
3.785362038412696806e-01,4.796177379236731819e-01,4.455578018488480230e-01
5.250298933917537658e-01,1.535191292156766751e-01,1.881385455439441023e-01
8.649595015747309212e-02,1.769085923369851931e-01,9.885884936075185758e-02
2.702479611609384103e-01,-9.567183807425751196e-02,-7.181083539134685001e-01
2.692920926660565817e-01,1.582136253404984871e-01,-4.296527572204980605e-01
9.465056919392356161e-02,-3.586767856811649557e-01,-1.036846806259240639e+00
6.013273934423524203e-01,-3.075428456603757077e-01,-7.901798363057643826e-01
9.156562874338896041e-01,-1.036813153635755685e-01,-3.178808096011975781e+00
6.148856768753993007e-01,-3.742404753101534753e-01,1.604332729165690030e-01
1.025119190792859847e+00,-6.586002225675574584e-01,6.304631984070604434e-01
8.206513128355217290e-01,1.082659370842680574e-01,4.152674719610005560e-01
1.203131185521809643e+00,-1.199995517563399033e-01,-1.637532546663626742e-01
1.200483735865683466e+00,-7.404090303723209233e-03,5.619128447842368368e-02
1.031366296778418734e+00,1.003254899624868579e-01,-5.551507603445733352e-01
3.798100087781702272e-01,1.081473648646592345e+00,-7.862791487167734017e-01
-3.687437553849429173e-02,1.111324773855198567e+00,1.651902152398446288e+00
-4.375923346188672659e-03,1.139427368970266752e+00,2.080380042332127921e+00
1.422195410261527238e-01,8.609248415205894567e-01,-2.496289822832139793e-01
3.548834067714417562e-01,5.216368483525163358e-01,1.828187153278510779e+00
1.966769544880179743e-01,3.927423812133952752e-01,9.471037625803522264e-01
2.010225997335944245e-02,5.680987391181887558e-01,1.878630395746327397e-01
-1.712253936818572408e-02,6.987497788518008957e-01,-5.500285258329618010e-01
5.608457301854771204e-01,5.172906892567329384e-01,-1.219029800001007052e-01
-2.788991485445895813e-01,7.798949444734889491e-01,6.203848342790168058e-01
2.770012983309166343e-01,7.668804237362177867e-01,-1.698495747155022717e-01
5.122632329943999085e-01,3.577526246705426960e-01,4.378094051774667483e-01
4.966595732615385339e-01,7.375834783910110160e-01,4.824888645598637837e-01
-7.767391448049608405e-02,2.945654160897230867e-01,4.508292880057052643e-01
1.501035018601723225e-01,2.228935959813042600e-01,5.835781210419356269e-01
-1.423708203869101796e-01,2.040727623903174359e-01,-3.589114619938619799e-01
-1.373406361301855727e-01,2.391705623146402615e-01,-3.683840684699891677e-01
-1.149213603444905196e-01,7.933153803030653650e-01,-6.908287155110734989e-01
-2.318359602976265976e-01,5.788961137013112213e-01,6.988801480674163846e-01
1.709371318724145772e-01,-2.163328177266540253e-01,-9.589352801022799078e-01
-2.425353277260486051e-01,-3.606978299289816947e-01,5.048267490466180618e-01
-4.049589207366113830e-01,-2.275153277267943919e-01,-4.699913408683170646e-02
-7.757713097617994213e-01,-5.424781357135733534e-02,-6.533499956947498299e-01
-5.879764434599780154e-01,-5.784961114332254351e-01,-4.189253938939060395e-01
-2.553135459199521451e-01,-8.536989534139649560e-01,-7.070379593257384299e-01
-5.055059983071142904e-01,-6.592709684030254036e-02,-1.911243006332009331e-01
-6.382784750521736106e-01,2.150923442730022853e-02,-8.933684086816998660e-01
-1.184385986003800628e+00,2.785281520849465231e-01,-1.137927606819844201e-01
1.744634059054999686e-01,-7.186850801463777472e-02,-2.115498691803264997e+00
-1.208830371902315098e-01,1.514614412108341301e-01,-1.793205880134474683e-01
1.661785963435459812e-01,-5.488741544893386282e-01,7.111163202306360898e-01
4.894935206010487816e-01,-4.505012554870191366e-01,2.567412227882146514e-01
5.368513823529518225e-01,-4.621199885293649223e-01,-1.083590058419276803e+00
9.952682375676444315e-02,1.023112061826933150e+00,1.054430234516739728e-01
-5.571372156403887888e-02,5.252000823231798288e-01,1.645082942194127540e+00
-3.407586790739952076e-01,9.859109230990837913e-01,7.746709313918204165e-01
-4.383334578278675342e-01,8.876695733367004904e-01,1.066571035697206682e+00
-3.675908744670222661e-01,6.354775234649674420e-01,-4.357765909706638463e-01
-5.674984008500441046e-01,1.231158997865695603e+00,1.676745876817751002e+00
-1.216011775488176488e-01,1.133615657970415969e+00,-2.177950150391107509e-01
-6.521151023757126852e-01,7.436334631607232071e-01,-9.982394287159870316e-01
-7.294400412605884787e-01,5.730296031174104687e-01,-5.965547919030873558e-01
-6.927263534258621958e-01,1.505068111656124197e+00,1.470603029747542312e+00
-8.060762415573523576e-01,1.898931676218246656e+00,2.018342924888123502e+00
-4.681979100614876432e-01,1.324228030709286630e+00,3.788978764654840070e+00
-1.125247531620948482e+00,1.004354706395460983e+00,4.007531667174297318e+00
-1.309740460502486048e+00,1.054872498045792195e+00,3.949792436008933372e+00
-8.529482744800638283e-01,5.013520104548797596e-01,1.791092789740802216e+00
-7.730360082129497101e-01,9.036375865287366027e-01,-1.027991647153549293e+00
-9.040816578708289475e-01,8.461446641671885871e-01,5.196373593676965053e-01
-5.442251967230214982e-01,8.010484051626557411e-01,1.674801023266752731e+00
-4.286307012481763157e-01,7.881788282398936030e-01,1.302276879295472423e+00
-5.918997161784074201e-01,8.631995622526541512e-01,8.595532507816078249e-01
-6.141741550783272885e-01,8.707617861690271077e-01,7.632888231820734726e-01
-5.637389861286665749e-01,2.108050829980437080e-01,-3.120910833080960955e-01
-1.490324119224365751e-01,2.715134767063639432e-01,-9.487297454679091691e-02
2.106908900014956565e-01,6.637281140856446937e-01,6.236325668287567847e-01
1.149477677253012281e-01,1.044879985957096302e+00,1.086999165772925213e+00
1.565441085452231595e-01,1.033603090559696236e+00,1.013653656566927408e+00
3.567721449134876599e-02,8.308833062238104583e-01,-3.003152986033666982e-01
6.247057484797716165e-03,8.160765878953353258e-01,6.134614843919226068e-01
1.794252954235426578e-01,8.380071516715099644e-01,4.944898557832929503e-02
1.773310064445233480e-01,8.292540813977609115e-01,3.796767432848950630e-02
3.474848559728024311e-01,8.963511802813505236e-01,3.282281801741274152e-01
4.413716594389022752e-01,9.136745740448514175e-01,4.304344712789436728e-02
-2.624716697473432683e-02,1.358777069507634438e+00,1.003318176794099070e+00
1.701256377609732806e-01,1.310843128484215914e+00,-1.071672244495954773e-01
1.554680195951805288e-01,9.505597557185258006e-01,5.216797257484612899e-02
5.470956086613769642e-01,7.377818546050934900e-01,6.299867496364577879e-02
8.417639433061067933e-02,4.812409814190610757e-01,-1.078521046190390326e-01
5.377148803290245915e-01,5.645726005885077781e-01,1.526549423689441687e+00
4.781550276057592863e-01,5.626827858879419608e-01,3.862085599814213399e-01
1.698856102562600057e-01,5.079978234781128421e-01,5.464206638656332604e-01
2.827428026490552693e-01,4.800765147614722839e-01,8.444352601165363570e-01
-1.782192902931874212e-01,3.443686377939373378e-01,-1.651748550102214719e-01
-6.592323804573107550e-03,8.258343677560201490e-01,1.529252674680245727e+00
-1.031243186943573559e-01,-7.405406780531051392e-02,-6.284642819455789065e-01
-9.343399807346799979e-02,3.231026736169169411e-02,1.443240071254257573e-01
3.508597404385308538e-01,4.494775119457911638e-01,-1.528121564789881037e-01
5.536704369444918061e-01,4.573191491078945625e-01,5.106401228185918351e-01
7.993860469916914679e-01,1.017793434050549228e+00,1.004669661630117838e+00
2.401194355153872251e-01,1.295067664338519497e+00,6.790667245814004938e-01
8.189270144388403894e-02,6.957047923587675875e-01,4.684364722929623137e-01
-2.395076688077154015e-01,8.074999665625954837e-01,-4.415219949987864850e-02
-8.743098376381024106e-02,8.536647017709108054e-01,-1.119050659244424262e+00
-3.221934852805601046e-02,5.907000392328100036e-01,-1.643227665766162193e+00
7.784288302978570329e-01,-7.665087699809337574e-01,1.106396006124455988e+00
9.017699568982507907e-01,-4.554783054581104662e-01,-1.867766660670860945e+00
6.872887135627181454e-01,-5.942563236454962983e-01,-1.390980817447266871e+00
8.306150428267637942e-01,-5.270540852192059367e-01,-3.086327286027500172e+00
8.211259306745294362e-01,-3.193848035819009668e-01,-1.480039596016497594e+00
9.872039131062290140e-01,-4.920854287861861076e-01,-5.075809595686788800e-01
7.197342980977217142e-01,3.166111849451543753e-02,1.792759952718134597e+00
7.248793212465376445e-01,6.141275271946140812e-03,2.816665028996626852e+00
7.248793212465376445e-01,6.141275271946140812e-03,2.816665028996626852e+00
7.982582735636443161e-01,8.763592192244769319e-02,2.101542446112922402e+00
9.643707236024098295e-01,5.995644489445225295e-02,9.847408043752391427e-01
9.812782511400361951e-01,2.236566938932552095e-01,6.178298953860127396e-01
9.424146354560219985e-01,-2.959469734998575463e-01,2.068210648906714244e+00
7.107005309001537263e-01,-3.754175399222976495e-01,1.305895985415444605e+00
7.476940972729739787e-01,-3.558126973738385823e-01,1.598259868468257183e+00
7.405114761124014233e-01,-7.475069745824123313e-01,1.026997919464718079e+00
9.361337272840123402e-01,-4.958184552886683583e-01,1.253940819227442605e+00
3.630319886895715942e-01,1.706244804863673581e-01,-7.030192186676866017e-02
5.522252341690998545e-01,1.981709371502406447e-01,1.023095478932859681e+00
3.425365494060919613e-01,-4.618090342889642486e-01,-1.203397778734773965e-01
3.387920106171488643e-01,3.803328632875369597e-01,2.555531456906258159e-01
3.146359217792221163e-01,3.758634502437679381e-01,1.967223984055848640e-01
6.892171762800862744e-01,2.930699503032344055e-01,4.074276317223335941e-01
6.944665044446911573e-01,1.305662351362393003e-01,2.171235255939151787e-01
5.482298437112675948e-01,2.247530936601877527e-01,2.312888287761305783e-01
-8.395224138502387079e-02,1.428826989399933356e-01,2.013816456040849745e-01
-2.712684344182419993e-02,-4.190562016871142714e-01,-2.457632376294235227e-02
-4.753619213446130809e-02,-1.833823619730309273e-01,-4.017716784791067197e-01
-2.269833751017197865e-01,-2.429079588011737456e-01,9.840131124190248935e-02
-4.672407627044216499e-02,9.969114957969649193e-02,-1.847405797801814076e-01
5.795010991698835712e-01,-2.566082821764784083e-02,3.107333197062710911e-02
2.313792452518470821e-01,-2.760994317156236777e-01,2.697671877380445338e-01
-1.277222380718588957e-01,3.923923720803031839e-02,-5.117090562864860109e-02
1.738363169231388339e-01,1.854482537459556102e-01,5.549789850259296414e-03
3.698408691874668364e-01,6.848845366919353861e-02,-2.016090344271357082e-01
4.745773992547418496e-01,3.520851798992716275e-01,-1.794394699307073182e+00
3.052867241842303070e-01,5.420652816990367828e-01,-1.318012685913435844e-01
8.265701143222945468e-01,5.728560657838763781e-01,6.026486003786772905e-01
-2.712612507128041583e-01,1.651108780172175217e-01,7.243472621319928528e-01
-1.569614219098470487e-01,2.335933484435723517e-01,1.727337150540557698e+00
2.982220443931464238e-01,3.372005573009552171e-01,-2.532920490649389483e-02
8.855410821296474944e-02,4.547953872145348297e-01,2.472845220380600340e-01
3.386975392491623493e-01,1.022936509131851190e+00,-1.089314337641929642e+00
3.693882174073108704e-01,6.245524426688303654e-01,-4.594105895114106858e-02
3.751507926947215132e-01,8.825217367309921013e-01,-8.870882801077215607e-01
6.939570566864995405e-01,7.750897560806702113e-01,2.528302848557612559e-01
1.682375774062241924e-01,5.699951108141254608e-01,-2.002476627505250129e+00
3.879729889502891993e-02,2.607257115415465010e-01,-1.488115484854731108e+00
2.819407230477590648e-02,1.857774113344706213e-01,-1.456712883750477028e+00
-3.602222711128907906e-01,3.395447411523401793e-01,3.776369958329334420e+00
-3.805870854102268441e-01,7.994591397360245599e-01,4.422951806202708447e+00
-2.393193275034696532e-01,8.219760042978372372e-01,4.361840588580592204e+00
-2.967645328209476685e-01,1.493618321136239713e-01,3.347680633522120086e+00
2.018084236426628819e-01,5.290872818340132400e-02,2.207522652802234919e+00
1.049377763140350167e-01,1.091883579079714339e-01,2.698830509602308858e+00
-7.427540408016805595e-02,1.622580072625996739e-01,2.754346912019321358e+00
1.988244731406851595e-01,3.369296593360797676e-01,-8.175841890352046615e-02
3.078957166917001276e-01,-8.397432488867694056e-02,-6.089877012967928049e-01
-8.503881109914214476e-02,6.131803229886079176e-01,3.167191108026587987e-01
-6.792679254742010897e-02,7.420953611862802779e-01,3.271471528733832512e-02
8.750959085657611380e-02,8.883832130062769838e-01,-2.789535416962442976e-02
-2.792279981102065434e-01,1.235432151500478914e+00,7.402313567213801848e-01
5.809291160233619467e-01,2.718360207737018919e-01,4.825770211081276684e-01
4.052176665892109342e-01,3.015662516005278015e-01,1.589742126543563783e-01
