6.782074253646881712e-02,1.741400730863150281e+00,1.790127433546974567e+00
-3.803053853859014732e-01,-1.367385271840356298e+00,1.943915411489246292e+00
-7.501836462338827838e-01,-1.147815615887764373e+00,1.003801285020695433e+00
-1.247644284841536166e-01,-1.752033653537866220e+00,7.588499726424673408e-01
3.286528371924555270e+00,-2.078572950248647189e+00,1.227860810454785900e+00
3.929792652946921372e+00,-2.453530782323113169e+00,2.073283191060964370e+00
6.299421529689511523e+00,-3.953279021900058865e+00,2.819578644300426706e+00
4.976714330562925781e+00,-3.992481019955525845e+00,1.307371173547028143e+00
7.077500556104066032e-01,1.763392651769548625e+00,4.510250572057046270e-01
-1.339342627264317409e+00,-1.410287626314416620e+00,1.261758214065314410e-01
-1.653602297754664663e-01,2.667023293628560943e-01,-5.178880127971939862e-01
1.899770658182427852e+00,2.753876256766618069e-01,2.051285204250389516e+00
5.204414274787297900e-01,1.609363409731464634e-01,1.434543693218405913e+00
4.950560500304252542e+00,8.367555270502855524e-01,1.966555106084187265e+00
5.271372754915593539e+00,4.825821615780535589e-01,2.356786703161110275e+00
5.842704644814040726e+00,-3.205785525979144346e+00,1.999537278491291925e+00
3.734322668204593132e+00,-1.048685568510078880e+00,1.352735877153014910e+00
3.837104217505997283e+00,-1.409346429052865446e+00,1.479791519876989980e+00
7.729670701452140413e-01,3.696731789912290012e+00,1.247740377229641817e+00
1.794551964240485242e+00,6.021880940029958884e-01,2.210065387917711899e+00
3.087209820045152320e+00,1.352741501985983419e+00,1.336786770782601330e+00
-1.371263485388001246e-01,-1.976428891412026045e+00,1.314252728265602688e+00
2.153663103963409098e-01,4.607176036514404327e-01,1.485593384350856416e+00
-6.068922404296995810e-01,-1.397500203879255103e-02,1.256483785638654815e+00
1.039549529787101134e+00,5.897484976874379781e-01,4.593625836888025615e-01
-8.886602323960164640e-02,-4.539219687306676465e-01,7.735006955437346843e-01
-2.796482886519702227e-01,-7.999003439732346177e-01,4.621137101581546669e-01
2.302475409065981360e+00,-2.051999603845567233e+00,-2.938190756112949997e-01
5.798259809464683556e+00,-1.779396790970490194e+00,3.082747418313644960e-01
1.946620024683751504e+00,3.118508485964563981e+00,-2.345251778961759126e-01
2.673287968311182095e+00,1.434668910755467319e+00,-5.909446193476241005e-01
1.818506235027380624e+00,7.175287510111642009e-01,-1.740819630644255545e-01
1.057951528168134425e+00,1.102178036427598595e+00,5.362300274505342745e-01
-2.737244471130991785e-01,-2.891007250629761827e-01,1.034863036191248087e+00
1.841599408788380521e-01,-2.672238440480238508e-01,2.776528826810793493e+00
5.491586740936972300e-01,-8.618505894759387331e-01,2.372611319042546629e+00
1.306808424039137773e+00,4.558755483834053268e-01,6.640627693432211709e-01
1.040438970077859793e+00,2.597753280388631847e+00,1.282299070359362192e+00
1.165472271227509182e+00,1.692496369473103668e+00,3.110840297548136402e+00
1.189506632137855124e+00,1.667665990428903289e+00,2.373218305415237150e+00
3.735219886638021070e+00,4.105560562321936224e+00,2.964862202850944151e+00
3.677370939517719872e+00,3.608473609629060608e+00,2.810315514827643746e+00
2.408361902944769373e+00,2.766740706606379163e+00,2.997204974071133510e+00
3.022686200312304727e+00,2.787761520512757940e+00,2.547055210483192944e+00
2.222801401240681596e+00,1.882039580134376111e+00,1.310391590688088304e+00
8.234322299095315767e-01,3.867557199806892498e-02,1.497973515977716552e+00
1.229384094986685882e+00,-6.834579944055686473e-01,-2.590314445659718245e-01
1.485903718387316941e+00,3.301455177895986082e-01,-2.416139719794094254e-01
2.980120710464141620e+00,5.977372750871241536e-01,2.458330765217353608e+00
7.581108734032303287e-02,1.458381872264721046e+00,1.578763682621228126e+00
2.271486313253633149e+00,2.097680473945191526e+00,1.285366703524394749e+00
1.264166828100783402e+00,1.281264901658281552e+00,1.768523358721350691e+00
1.382423554385858511e+00,-8.354387468414664619e-02,8.012115273000004478e-01
1.856969876394698737e-01,-1.126922871847989116e+00,1.642944763074974723e+00
1.172320468256569992e+00,-3.088064395085895163e-03,-2.214268929372165684e-01
2.079896941130045640e+00,3.744584647463152116e+00,9.249176431488637107e-01
-2.169029530453377708e-01,1.347439663922394892e+00,1.703148168284495112e+00
3.056844707866464006e+00,3.573784613783803632e+00,2.062640336093540139e+00
2.913615843043917852e+00,2.020743458397644243e+00,2.090440919893954419e+00
1.716422418444763398e+00,2.600782430239747089e+00,1.840179638712148735e+00
1.060990069461845264e+00,1.865143202220332475e+00,1.834716123603356897e+00
1.122500522197198425e+00,1.856415276491907518e+00,1.863349962039235086e+00
1.122500522197198425e+00,1.856415276491907518e+00,1.863349962039235086e+00
1.104360916582170837e+00,1.679603368718116663e+00,1.960907000854242410e+00
1.104360916582170837e+00,1.679603368718116663e+00,1.960907000854242410e+00
1.107565669778156403e+00,1.653072706172843409e+00,1.884880169743493594e+00
1.107565669778156403e+00,1.653072706172843409e+00,1.884880169743493594e+00
1.011436846460813443e+00,1.595228590261707380e+00,1.849402931826810592e+00
8.842522233840677259e-01,1.556248210294053802e+00,1.820914517623724471e+00
6.511134469384529666e-01,1.610162888563348549e+00,1.736230135611849468e+00
5.782849562308163271e-01,1.895587439190578927e+00,1.801489134555080307e+00
9.228924639602508195e-01,2.327600219106769952e+00,2.110294584564736287e+00
9.124030768330110286e-01,2.244354113433045139e+00,1.750748105934291088e+00
2.927944064784228750e+00,1.222450881159374170e+00,2.078946083846407777e+00
2.927944064784228750e+00,1.222450881159374170e+00,2.078946083846407777e+00
1.358639045698856851e+00,2.697963768619455305e+00,7.731182835468806136e-01
3.511043031386684721e+00,3.571757617234971871e-01,2.623514127174302768e+00
4.461120554488097412e+00,1.442929629935413738e+00,2.690245707370681139e+00
-1.956046268592845694e+00,1.131855762889570460e+00,7.759266781807258040e-01
2.400355587317708927e+00,-2.946594823753139192e+00,1.429837257725544264e+00
2.418708420265828885e+00,-1.978120447878501054e+00,1.830085453396778972e+00
2.635909761187785527e+00,-2.571878343116262400e+00,1.802631860487958537e+00
1.286901169376339915e+00,-2.600985527655305773e+00,1.725454026992051526e+00
-3.146910980292760840e-01,-4.620425215688723775e+00,1.949249418526585620e+00
4.448495133845677962e+00,4.827338466076468215e+00,1.597868047152680493e+00
2.670403833461400200e+00,-1.036365299071165591e+00,3.144056254728673672e+00
2.586390488071187654e+00,-1.855232758882990884e+00,3.412464417246435566e+00
2.661352394894766604e+00,-4.741759484087098464e+00,2.439755602442827520e+00
2.406705054119247511e-01,-1.445803161115480684e+00,3.599955461742481155e+00
5.509076153871428350e-01,-3.104628280974944143e+00,1.768363319157835178e+00
9.042990594279134431e-01,-2.002703601284955059e+00,2.334582701521926928e+00
3.753644025331062561e+00,-2.766583995617609079e-02,6.358673440024947832e-01
5.176580709376350065e+00,-1.525982285627483170e+00,8.318514078990942862e-01
3.403877797579654807e+00,-4.465395416535086426e+00,8.258634284159449557e-01
2.520362113858741537e+00,-2.831974522848843989e+00,3.976638812618126656e-03
2.383354845436922886e+00,-5.982830872273907197e+00,7.904879748476487666e-01
7.000571710811461790e-01,-5.741349121966720759e+00,-1.745216744555311977e-02
-4.309468129751913845e-01,-5.851625168472696537e+00,9.728648771862192790e-01
-9.091868737698687308e-01,-4.670991505162801261e+00,4.151468393621512987e-01
-1.747048212526386424e-02,-4.238835771134018771e+00,8.037069208266087728e-01
-6.913425579187268966e-01,-1.203566156704924728e+00,-2.208263521064425916e+00
-8.323043836091991166e-01,-4.418798452141625699e-02,1.999656092277296016e-01
3.004892888904735049e+00,-3.246186377862756434e+00,9.931309026455218403e-01
3.426801064388985907e+00,-2.447286660254489377e+00,1.621402939535243837e+00
3.321980294606684314e+00,-3.685499293964338730e+00,1.512827354404772784e+00
4.491883671465842554e+00,-3.388603181988449009e+00,1.486896399800471835e+00
4.770883994849448584e+00,-3.226411426138274141e+00,2.590718857331262726e+00
4.710414569455800837e+00,-3.194371429673979801e+00,2.586833960170985769e+00
4.691551933777445171e+00,-3.395617315231588940e+00,2.760549326226475308e+00
4.265696880442542138e+00,-2.752727186132489123e+00,2.023758557167969041e+00
1.497415552108315451e+00,-4.908800231857481933e+00,2.771331051566856551e+00
4.584883781312986351e+00,-3.419779328174556099e+00,1.990453379143070300e+00
5.316206522153702707e+00,-3.002383287026813896e+00,2.689929237876887758e+00
5.651590869248693139e+00,-2.954340531225180033e+00,3.182051750680674029e+00
2.312329617170802987e+00,-1.897334014491375731e+00,2.579250012674416226e+00
2.326014483195219640e+00,-1.897538567599814874e+00,2.475816831950131025e+00
1.949384953460046033e+00,7.222769093552172670e-01,1.580487481071726874e+00
9.391252769518276811e-01,1.561113298317209797e+00,1.147305985842989484e+00
-2.458554802421417107e-01,1.994744072799262691e+00,9.664203675172526875e-01
-5.105263991694855008e-01,2.451330897007083287e+00,1.095312236829429464e+00
-6.375086752249233824e-01,2.238172886752931134e+00,1.482606712775152991e+00
-8.065038742308023867e-01,3.123311312486585667e+00,-4.138225462555408241e-01
2.710772103555175061e+00,8.790574377856252841e-01,2.554878169724693837e+00
2.522519483662428286e+00,4.246979176732993966e-01,2.007029915695242028e+00
3.256654925064593975e+00,3.090155082867187541e+00,3.341303476352698087e+00
2.193169859807586608e+00,2.025926780512689707e+00,2.037034981426048219e+00
2.218786796477832279e+00,2.197994830328903859e+00,2.335775011557918113e+00
2.889169369272590160e+00,2.934453153341876064e+00,2.931517583176300956e+00
2.651138630275640562e+00,2.632450994801242228e+00,2.747266005434048530e+00
2.961628962104299934e+00,2.872664487250411014e+00,2.802784813283435650e+00
1.895895308027687465e+00,2.060060662117839669e+00,2.157379069844894914e+00
3.031631242461436226e+00,3.561167045215962279e+00,3.106329947717439754e+00
2.509815698041239163e+00,2.129391288485374734e+00,2.911815786049125165e+00
7.787596964223402196e-01,2.602533412681362179e+00,1.187713101327519949e+00
1.787024379438125976e+00,-1.733533898519472816e+00,1.538142399685105133e+00
-6.461709597773630520e-01,-1.457562916847755741e+00,3.006246721926917331e+00
-2.950733948123196004e+00,-2.352430473074774486e+00,3.527692601213394230e+00
-9.059040470911580156e-01,-1.410305800503927287e+00,2.688247428959116281e+00
1.078942822351404596e+00,-1.114287511373469375e+00,1.794929578945518633e+00
-3.034176891005059273e-01,-1.190224029533612643e-01,1.588722142841363372e+00
7.365208628275423663e-01,4.546985511477208974e-01,2.952196443760215949e+00
2.974302565108847940e+00,-8.626189926674426856e-01,1.619356594316776254e+00
3.024916085497449281e+00,-4.926032385588001716e-01,9.141105441352371797e-01
3.268534782342566114e+00,-8.129258027722890967e-01,-9.048642534139533788e-01
-1.007960464195795547e+00,-9.595234627105945213e-01,1.109071033703985742e+00
3.017422525715867110e+00,3.809891808783875788e+00,-1.134917561226266199e-02
2.082481303057624800e+00,3.585135557661884298e-01,2.792378114514163290e+00
2.737399427044008959e+00,4.204065707375973737e+00,2.178905916556375555e+00
2.443496013665909850e+00,1.765937992374302157e+00,2.265320681252190216e+00
2.817743017922135440e+00,1.910311941482882858e+00,2.513728090591847764e+00
2.704266524899817892e+00,1.418161467359846828e+00,2.453215620952453158e+00
1.546618836181997692e+00,2.126507682047581227e+00,1.892614343249208630e+00
1.236765504786778713e+00,1.685189034929762464e+00,-1.956565656738857573e-01
4.120660837899198903e+00,2.105114314423549349e+00,1.004118786206628755e+00
3.337157947426692139e+00,4.411440849154247168e+00,-3.540999861590362618e-01
1.685771974650549510e+00,4.930330690906539637e+00,6.987931992125115954e-01
2.001787693414744496e+00,4.631592152371821314e+00,1.345028426359936358e+00
2.359821950300506899e+00,5.441761048450060478e+00,7.048696150252502513e-01
3.207843170171396530e+00,4.397382500451557874e+00,1.777946011649999436e+00
5.957572347527813061e-01,4.452521619794952423e-02,5.277491642785985260e-01
1.103270388808875513e+00,1.087016112637112508e+00,1.661619218922692820e+00
3.523651904132811374e+00,1.740312491675027662e+00,1.360417022317747415e+00
3.477649929125989026e+00,3.428366532242542064e+00,1.523490522063258634e+00
3.510977125163163848e+00,2.149884941542927752e+00,2.915757556415676799e+00
1.959657521715285622e+00,2.061416642205236460e+00,1.613471645071054228e+00
3.232266898274773759e+00,3.436837014982159211e-01,2.596522135134888387e+00
3.306471904116207838e+00,3.688132718185461734e+00,8.669020421462834136e-01
1.626860439775395184e+00,1.697195413074913839e+00,2.000973917374394784e+00
1.296065854531780692e+00,1.325138540994093672e+00,1.388209344376404530e+00
9.644610652544987062e-01,1.588533644176520321e+00,2.208634138997549901e+00
9.172672536133404941e-01,1.496579864825017259e+00,2.132980008218222423e+00
1.599973859814231236e+00,1.314415418090020715e+00,1.791455991132589576e+00
1.966062293820966644e+00,1.704785778458231649e+00,2.215106827082534036e+00
1.274661264060002575e+00,1.212695441117927819e+00,2.182778202580275995e+00
2.518697146423685584e+00,2.327011762247404469e+00,1.613765013078775512e+00
1.827948276295239038e+00,1.866918926932052303e+00,1.063837527645077996e+00
1.479320687216672869e+00,1.501145441537669489e+00,2.243159851930399906e+00
2.080846051305541788e+00,2.613356062452587558e+00,2.143905997682093556e+00
1.713077428426561299e+00,3.567095719961535516e-01,1.526480077865125740e+00
8.057276946739266865e-01,6.393225466312814076e-01,1.343087718297819366e+00
1.855095835491449963e+00,1.369758235757663867e+00,1.022819194934612597e+00
3.092266691682710178e+00,1.836313227135923043e+00,2.461491298636945046e+00
1.793735078623890367e+00,2.015378879907201881e+00,2.383641481378045324e+00
2.097446948019719759e+00,1.159657670490115589e+00,1.694309099966635701e+00
2.250919379007116916e+00,2.265522581975138561e+00,2.095870205995590485e+00
2.186685853996768181e+00,1.400657385300928093e+00,1.877880086479335242e+00
1.164468839432090341e+00,2.821146462024569423e+00,7.572378220849020902e-01
1.425770783633639072e+00,-4.366673314475792433e-01,1.244317284013436886e+00
1.968836658127698813e+00,-2.608826578846624999e-03,1.671996147867893967e+00
1.903678708101602446e+00,-7.587643523043924310e-01,2.098736665479778996e+00
2.431718528175275562e+00,-5.827037064262071686e-01,2.151335829989923898e+00
1.288930420455560943e+00,7.332483427165423784e-01,6.973429192268857379e-01
-5.467141316899081227e-01,-1.517439637902210148e+00,-1.315983032379608009e+00
-7.719334695823214521e-01,-1.044325212806576086e+00,-1.266899306266208614e+00
-8.446005431556262710e-01,-7.489216109194050119e-01,-4.223621155510050573e-01
5.325225419514619807e-01,9.000001570298821196e-01,7.492912184141098386e-01
1.361825760599284729e+00,6.657536849042241522e-01,9.614557308979992944e-01
9.368329292405578324e-01,5.763700269566750523e-01,2.820491830590732829e-01
2.077826167569180704e+00,1.699357810281706627e+00,1.787029982626644697e+00
2.351393911670082826e+00,1.752084610102993212e+00,1.850262130554810813e+00
2.441594196596006849e+00,1.736565712911315007e+00,1.738933872218929366e+00
2.174797154235827978e+00,2.049502277824182261e+00,2.023222541320067958e+00
4.005705169108826347e+00,2.311436299784446202e+00,1.659678518537774261e+00
4.125194192221301570e+00,4.715239145699525736e+00,7.717087797459519782e-01
1.922142704185337170e+00,3.521931922764291567e+00,8.994635670281552198e-01
2.367185514695597348e+00,3.287844761601578458e+00,1.715103822036726067e+00
1.996395137988666857e+00,2.856856116369396403e+00,2.069792139980379364e+00
1.073895836615112120e+00,2.897869565996508801e+00,2.192045483242550219e+00
5.429428387854568605e+00,-1.540242442937143519e+00,3.915720857384224374e+00
5.301402238928622168e+00,-1.359002133679738655e+00,3.793903812138519349e+00
5.780563726978408035e+00,-8.683481382301291296e-01,1.018457600005764352e+00
5.961409020740527254e+00,-7.253673706506291730e-01,1.322355487846533340e+00
9.520526384134441855e+00,1.726952734519779098e-01,1.862431447638718707e+00
9.244298233327382874e+00,1.309756009430821377e-01,2.273155587480533590e+00
9.525646688384158622e+00,3.911744202695989492e-02,2.147525953241734342e+00
9.397815838279953482e+00,6.857007764466858946e-02,2.218762062469475715e+00
9.397815838279953482e+00,6.857007764466858946e-02,2.218762062469475715e+00
9.386298482401823406e+00,7.324952280273212823e-02,2.246365780607123330e+00
9.361739103392540784e+00,8.004286480855224428e-02,2.263493108477877769e+00
9.477226905182963179e+00,9.650282812699378931e-02,2.269719951355830823e+00
9.469522015590813524e+00,8.931057794766791846e-02,2.357776045888187344e+00
9.423100891474476271e+00,5.525043855241678487e-02,2.383075899911230700e+00
9.353857929292820117e+00,5.436592286592122070e-02,2.462462828405066695e+00
9.387610118839591067e+00,9.125750668142680599e-02,2.546983130313298815e+00
9.461956925674380514e+00,1.069356461675605025e-01,2.441434205135113000e+00
9.461956925674380514e+00,1.069356461675605025e-01,2.441434205135113000e+00
9.461956925674380514e+00,1.069356461675605025e-01,2.441434205135113000e+00
9.461956925674380514e+00,1.069356461675605025e-01,2.441434205135113000e+00
9.636044804099981320e+00,7.074015988848554592e-02,2.401804586537405584e+00
9.672018884946178119e+00,-6.491279804221221361e-02,2.490432192801574907e+00
9.672018884946178119e+00,-6.491279804221221361e-02,2.490432192801574907e+00
9.713436506517492575e+00,-8.340403176142173469e-02,2.492537237862722854e+00
9.666198628781769386e+00,-5.352314719223365963e-02,2.509651985544626651e+00
9.666198628781769386e+00,-5.352314719223365963e-02,2.509651985544626651e+00
9.679400673102414032e+00,1.767823021876838707e-01,2.659583431274064935e+00
9.679400673102414032e+00,1.767823021876838707e-01,2.659583431274064935e+00
9.800795170695787206e+00,5.514436510768581240e-02,2.609571931190127980e+00
9.800795170695787206e+00,5.514436510768581240e-02,2.609571931190127980e+00
9.766973106188858722e+00,2.103789185445413198e-02,2.585342160436675307e+00
9.763204209775187437e+00,2.253851799896798569e-02,2.606817723317031543e+00
9.763204209775187437e+00,2.253851799896798569e-02,2.606817723317031543e+00
9.763204209775187437e+00,2.253851799896798569e-02,2.606817723317031543e+00
9.763204209775187437e+00,2.253851799896798569e-02,2.606817723317031543e+00
9.725937673106278325e+00,-7.948161465839214887e-03,2.567345984317276564e+00
8.564844124552415394e+00,-7.014285609462382887e-01,3.679371470025049717e+00
3.539738166613378034e+00,-3.641213158071538558e+00,2.183044454484106556e+00
3.631506927906922311e+00,-3.261451196792246154e+00,1.655871660559777414e+00
5.191945593941098558e+00,-2.243612382076315637e+00,2.634973499550275378e+00
4.888619056191473966e+00,-1.920763662023430518e+00,2.342724233574800863e+00
3.955352212409597445e+00,-1.293371636917155731e+00,2.797379181256706815e+00
7.144374438575067821e+00,-1.406882946902970444e+00,6.264643436348680261e+00
5.930399002187631829e+00,-2.003189032923722301e+00,4.776204130729166053e+00
2.526509438905329308e+00,3.127383788528518282e-01,4.670457318917470069e+00
2.497086727906268511e+00,1.432129169365900179e+00,4.142049553108483551e+00
2.862183670024267990e+00,1.615313049652252531e+00,5.468527202753244332e+00
2.298466561294591592e+00,1.379443553798483268e+00,5.496431070015046494e+00
1.615423519844608080e+00,1.547369499334707355e+00,5.268814710513193944e+00
2.187275009182021002e+00,-1.885000002622916337e+00,5.581674263156434002e+00
3.040246470448751293e+00,-2.993295998630159271e+00,4.019523565615378935e+00
5.472568007875392659e+00,-6.020542201740244792e+00,3.400381214246689154e+00
5.455570439820251138e+00,-5.476781131312089990e+00,2.822279647880778342e+00
2.220947908711888630e+00,-1.384539447093583675e+00,3.995268902139870626e+00
1.333119129712283968e+00,-1.500277098983624047e+00,3.340054437820203947e+00
1.815730625703523726e+00,-1.407992026516879935e+00,3.209290447777575661e+00
5.820203129743643622e+00,-3.270093601211340850e+00,3.092246160233138585e+00
6.542493919856343432e+00,-8.839095569756194593e-01,2.667690578456028305e+00
2.154243398722475167e+00,9.626621050409189806e-01,1.649519550974150706e+00
2.077666308194108691e+00,6.308950026872911510e-01,1.189077400408192542e+00
2.972009507055672906e+00,-4.595252659369999382e-01,2.854008256747551986e+00
2.843565662061330546e+00,2.029048414518885401e+00,4.060363059934350538e+00
4.133785518019971406e+00,1.421466038221709471e+00,4.286636393493104435e+00
4.284963320070378501e+00,3.136082913794461025e+00,1.798780321092633860e+00
3.526590717588025115e+00,3.840487835851046139e+00,1.653135931191314523e+00
1.845223859219726981e+00,1.097359000870724577e+00,3.200799400962619945e+00
3.799989516979772830e+00,3.784221109180975873e+00,2.267670602073441621e+00
3.794634768487858523e+00,5.260702077471797189e+00,2.618745003811073335e+00
2.729259746133367415e+00,3.029863103726194939e+00,3.042153189631946475e+00
2.769994748874826662e+00,2.788001148876706470e+00,3.108254255822371803e+00
2.549962096752160789e+00,2.085570432732038348e+00,2.741943975504755660e+00
1.917290772223996020e+00,2.317982941302324296e+00,1.651330298571126010e+00
1.910271497291870180e+00,2.934804050432436640e+00,5.978268730288807120e-01
2.369396851610133137e+00,2.619136527231372913e+00,1.329815708034898014e+00
2.996554921846494857e+00,2.714588471730859709e+00,1.009906934572158521e+00
2.696444468965408792e+00,2.860109890088818219e+00,1.037209306664322428e+00
3.329037993668630069e+00,8.046637619455341284e-01,1.879339863458088233e+00
2.528907881889115861e-01,-1.349046481964637501e+00,1.655536475385470885e+00
2.522636744718301571e+00,-9.986969955815644395e-01,2.734946931083481747e+00
2.060919320511401587e+00,-2.372481132052584041e-01,3.212745854147777358e+00
2.831589781903586012e+00,-1.092913759040808452e+00,1.927751594716920369e+00
2.242559669477085738e+00,-9.588378934650038099e-01,2.158229431358359207e+00
2.472184128783125878e+00,-5.393578835431922514e+00,1.213827419900179727e+00
1.849212986302363193e+00,3.536096850111155598e-01,1.642077350568034388e+00
1.869078859476104970e+00,-8.270190672022532663e-01,9.349344495934642785e-01
5.778285673755350071e-01,6.446340448977898596e-01,7.942455051513163111e-01
-6.102662827981180510e-02,7.618309601645103513e-01,9.287428834374187314e-01
1.762319450277085142e+00,1.681073210974746157e+00,2.403227360598128026e+00
2.298250811795790050e+00,3.741731707005431673e+00,8.167770400795307806e-01
4.733862299373037708e+00,5.613682134135276947e+00,1.646279725404611316e+00
1.479357177285084868e+00,1.021187998676390762e+00,2.700859584457470763e+00
1.749040575437152745e+00,6.209985946699630999e-01,1.849484487720645998e+00
1.586223210882455437e+00,1.570324760032312694e+00,2.115677889130805678e+00
2.202205989210338277e+00,7.996162210939211645e-01,2.010115167712311912e+00
3.711686909269480417e+00,3.223210007486903894e+00,3.031870527324009856e+00
4.644719694489965356e+00,1.269163164466200699e+00,2.741588235270134177e+00
2.683707541215794468e+00,2.974533982595306547e+00,3.997722799072542355e+00
3.842186217204016430e+00,3.396726959930572498e+00,2.863841210566555606e+00
1.767938735348947965e+00,3.849588899840866940e+00,2.929397325293271237e+00
3.143806952984627756e+00,7.728448945277901494e-01,2.268171585603006246e+00
3.656754336335625410e+00,6.348968856528363069e-01,2.180931565250759263e+00
6.602033450881224397e+00,6.445423994737824458e-01,2.327184152647989723e+00
1.549106494725713157e+00,1.219426410972043406e+00,2.618543739221212086e+00
2.038209062434928054e+00,1.615455198539784032e+00,3.096392561409505806e+00
1.595626431171176751e+00,2.204906649789598827e+00,3.695597067810196812e+00
4.778629004896081112e-01,1.299401915217931247e+00,4.071037384416105631e+00
1.900606638815673932e+00,1.219758168493855877e+00,2.655179967766376770e+00
4.924918743245527253e+00,2.330424766605206255e+00,2.772133160519675954e+00
5.336976935565216351e+00,2.351160776307254618e+00,2.292998652532028281e+00
5.885334288350329679e+00,1.711865376471977340e+00,2.626708389287487844e+00
5.087683168603942541e+00,2.300430612006009845e+00,2.781706562304673724e+00
5.647100159688611676e+00,1.634504673503466954e+00,3.072239615961111614e+00
5.523241283278000680e+00,7.315648425229150931e-01,4.695479272276320337e+00
5.713199973687409283e+00,8.714072173309221903e-01,5.369972663665132373e+00
2.484164761144196376e+00,5.984865499608444495e+00,3.579739491410151686e+00
1.854275072813123648e+00,6.025642487461388086e+00,3.580776059314225712e+00
2.883099023301396446e+00,6.077639557758112154e+00,3.305822704617519481e+00
1.589520124070298746e+00,6.183852900919888818e+00,3.316747350606159106e+00
8.678135306219949552e-01,6.013923977943608001e+00,1.899610777505224446e+00
1.361471820632802254e+00,3.608213181549051463e+00,8.170839086854086997e-01
1.562050478078263749e-01,2.390016756967045630e+00,1.048440819344055530e+00
2.214449310345825594e+00,2.448874093357665149e+00,1.876080252476784116e+00
2.009985508270107246e+00,3.638664546942350420e+00,1.631991097955320935e+00
-1.625825301033721360e+00,5.155844844012817951e+00,1.995290726946095772e+00
3.496215423669929212e+00,2.849458238054265014e+00,2.521391482581615495e+00
2.197183498578387795e+00,5.142988027039414600e-01,8.809511078944545215e-01
5.944678563019998307e+00,4.398111298517501488e+00,1.423384073627927515e+00
8.588984550122967576e+00,7.088308075107411454e+00,1.341014220314024286e+00
2.640634395287014158e+00,3.770266616850030061e+00,4.240507814176353030e+00
-3.175634913739816545e-01,2.861220659949189393e+00,2.325463215013473750e+00
-1.482986593545815301e+00,2.558280259457859973e+00,3.207217774664911314e+00
-2.740752711775602979e+00,4.238685061442417079e-01,3.272180568000859324e+00
-2.254370493699703104e+00,-1.103927735846409908e+00,1.518804494173213282e+00
-8.901353094989072900e-01,1.280585253648221178e+00,3.666859115546670544e+00
1.292122448791444000e+00,1.381240667558334412e+00,3.145241892610436185e+00
-3.592674266289472396e+00,2.256727855634129920e+00,1.897550687245141532e+00
-5.456485120027738667e-01,1.439112745388713144e+00,2.999548121633195397e+00
4.682036451628154849e-01,1.662915352903461708e+00,3.623436283200297314e+00
4.872880620059030221e+00,-1.211805689087085552e-01,2.243878103385487766e+00
2.206988681686271381e+00,1.215903133312658646e+00,1.697209972946835732e+00
1.476206243499776694e+00,1.042537057243275500e+00,1.864264840479266772e+00
9.534433443459026103e-01,1.229959338659941226e+00,1.026204893281640329e+00
2.547590203067559234e+00,1.723275704167648081e+00,2.181874594978617576e+00
2.757526346310589460e+00,1.795998999651085837e-01,1.591541370585147996e+00
3.792974120798096482e+00,2.138555109816940192e+00,2.266579572524229480e+00
3.913680386584763138e+00,2.006704882106473686e+00,3.743919677262303569e+00
2.213987954664952795e+00,5.201156195477610877e-01,2.527287855698595820e+00
3.785559713012808469e+00,4.898502330777874114e+00,1.516854977720286435e+00
4.664325134675560314e+00,5.221218486566717942e+00,1.755336958621175336e+00
1.590684339700886074e+00,4.590148609436947247e+00,2.082989874958475873e+00
1.818674541126577893e+00,3.520713909687104515e+00,2.771844045391218092e+00
1.915948541978682584e+00,2.038231181472004216e+00,2.337070732432581011e+00
2.488170666422666599e+00,7.281130237976440878e-01,1.510191054129107258e+00
2.553738123061513043e+00,4.417271080333742272e-01,1.450150923938982261e+00
2.224060419590098370e+00,3.207313256396822077e+00,2.618342817285836066e+00
3.801049936989028044e+00,3.522807135691100822e+00,2.531128384759044891e+00
2.791066008557898659e+00,2.753187434628894703e+00,2.156798426359161525e+00
4.931605218087870668e+00,8.170471913317917112e-01,2.107809642184522492e+00
7.966986148979374960e+00,2.303510916919861429e-01,9.686106048056385420e-01
3.149216708839648327e+00,-8.815598465881359369e-02,2.772061419770854407e+00
3.835958128597005690e+00,9.490880049472840696e-01,3.258810709818507956e+00
2.539725907587182085e+00,7.757612795211948908e-01,2.213098088988110668e+00
7.086293117775235295e+00,1.915810093274026515e+00,1.475990099230441110e+00
5.199177568941627747e+00,1.645765845658893056e+00,1.300066429929840339e+00
3.301060506146383577e+00,1.825104314910250825e+00,2.343961339651195352e+00
3.487711766231497812e+00,1.044961662490419219e+00,8.276840852456299746e-01
4.594186645249263456e+00,1.295294939065448903e+00,1.145020473331096245e+00
6.247577970663930280e+00,1.559219082564431202e+00,8.812922452678120244e-01
6.292598918142880748e+00,9.277525810485831581e-01,3.726783819855626345e-01
3.429923328486844891e+00,2.189856065149244427e-02,1.745855397361127381e-01
3.695827722702246021e+00,-1.149702159912235011e+00,1.753879602924849790e+00
3.657670352239502876e+00,-1.024587532280883950e+00,1.441973738384130677e+00
3.523992173187254995e+00,-2.504230423737324740e-01,3.331382822645477249e-01
6.851150983752187784e+00,4.228083697608123748e-01,2.034741492415940822e+00
5.407484273247815665e+00,-2.708960234075026730e+00,2.705071370061108205e+00
2.666230540100650970e+00,-1.260914229891748839e+00,1.380732230704397434e+00
4.321566027952351341e+00,2.428544595038279574e+00,2.934418457021465532e+00
4.253708358371241616e+00,1.889337162087697752e+00,2.367614403954622748e+00
1.273274051335306911e+00,-6.499744735063041068e-01,4.744393152885341358e+00
1.413155034130333165e+00,8.773276019411648807e-01,4.061082598626630791e+00
4.900299421407204647e+00,1.321714262321390665e+00,1.532862550568687032e+00
6.301250590564800191e+00,2.805649314198001232e+00,-4.402477274448651084e-02
6.657222834359106223e+00,4.350667650028231748e+00,8.582430732329646705e-01
6.359948805411292483e+00,5.589229017372987940e+00,8.328686754852557828e-01
6.569151957792475294e+00,6.847894221252129654e+00,-1.745127827837323009e+00
8.047867350876106940e+00,5.845863083037131425e+00,-5.846041862000250777e-01
7.455222196607381058e+00,5.737424983571263404e+00,-8.714005961090391938e-01
6.401809951587543068e+00,4.522002600959424967e+00,-7.575300244742032563e-01
4.569566101547196446e+00,3.465992761936329991e+00,-7.609629226052010420e-01
2.134939896620993594e+00,3.182177342921491903e+00,1.871142813139911709e+00
2.391105770767020466e+00,3.007771549779075126e+00,6.504506369669823540e-01
1.779712948197732958e+00,8.110824864968774195e-01,1.268022662713182092e+00
1.399745076635076524e+00,1.745400933902048646e+00,1.151639132450959613e+00
2.461513110081291700e+00,2.486543797631007191e+00,1.685729724413767450e+00
5.681316760750039219e-01,-2.649385479343585037e-01,3.614340925213141986e-01
1.387699151711119683e+00,2.651930137481230965e+00,1.442153628621942962e+00
1.805586209647275231e+00,2.640958560074305073e+00,1.793820935366148284e+00
3.633056589600382580e+00,3.557573405171796654e+00,2.526047422910807416e+00
3.577046786243008203e+00,4.125168728633195947e+00,2.649616860368443128e+00
3.631714208929718524e+00,4.431044059662442081e+00,2.812178783269927429e+00
2.397240595120472939e+00,3.315746494852224835e+00,3.416889519513058193e+00
2.960666984726711970e+00,2.203606206395890776e+00,2.353622237406954643e+00
5.450449091446666117e+00,9.872969040907535465e-01,1.529409821388438839e+00
9.766208425314118813e+00,4.148429133440136418e+00,1.922124922392296043e+00
7.496521214659908949e+00,4.621760737016097131e+00,1.615470126568687936e+00
6.497561631501156398e+00,5.685392719643687975e+00,4.886764897804622421e-01
8.191815077939331502e+00,4.236068312427224924e+00,3.846694227415958789e-01
9.502823692364234631e+00,5.868911414093628487e+00,1.537598886104238227e+00
8.079992085952962810e+00,3.858866064745934299e+00,2.097402799137501272e+00
9.871173067031016046e+00,3.108786587773421761e+00,3.167037479978386028e+00
1.092820037749005557e+01,-2.123057681664578311e+00,5.476977405344565675e+00
9.273313568851909494e+00,-4.551834539743619956e+00,2.951144619029870686e+00
7.200481854554659833e+00,-2.416913328280145379e+00,2.019107248079050176e+00
5.506768579869528502e+00,-3.957715866198082466e+00,1.583367601933643787e+00
3.494126832087449230e+00,-3.544484259691067507e+00,8.334211656349841402e-01
2.826824286781324691e+00,-3.582990711032927877e-01,-7.568717848864795483e-01
1.927558450109837285e+00,-1.862406377840009064e+00,9.840855638993911692e-01
1.620209719716153574e+00,-3.588112411298131299e+00,2.201609326006455980e+00
1.761988785416775061e+00,-3.512296528784294214e+00,2.312640943008750227e+00
1.831214934969163100e+00,-3.338898996179322509e+00,2.577854826323729309e+00
2.945929465058389485e-01,-3.718209588518738506e+00,1.909490549927495229e+00
2.966613405065348985e+00,1.101417841933327146e+00,-2.293920771493258848e-02
6.095697918726846964e+00,-8.479982588894439122e-01,3.016262065015713922e+00
4.140014231368250641e+00,-5.794086858694100783e+00,4.352454832860280121e+00
6.372840627098593558e+00,-7.027848955855101387e+00,5.591777488251029382e+00
6.703432987375194330e+00,-7.112427724400812501e+00,6.327893614552608348e+00
6.602704474244638355e+00,-7.121907154154664354e+00,6.920479690049602617e+00
6.377905264226387594e+00,-7.125678174218447403e+00,6.723237169914163758e+00
9.766389968801256316e+00,-2.430911922915655943e+00,4.450079777472511822e+00
1.046946544284840286e+01,-5.246891547887300611e+00,3.355985160583887073e+00
1.073165724904093743e+01,2.469600026869473441e-01,4.367641465195933215e+00
4.340871965225259643e+00,1.659278010239183532e-01,6.669380946014793921e+00
2.470624609296379948e+00,3.087563424392878009e+00,5.279451266750251115e+00
3.209732357212398135e+00,2.611923922612632509e+00,3.926047585938109208e+00
2.412502782052470263e+00,1.670077995335426335e+00,3.116475873507365435e+00
2.412502782052470263e+00,1.670077995335426335e+00,3.116475873507365435e+00
2.482528519660242239e+00,1.548566568793187548e+00,3.102662772912677447e+00
1.636809181633173349e+00,-4.256721520007759052e-01,3.647219777125340734e+00
3.663900101469037995e+00,1.312545529280275125e-01,3.744353635234145994e+00
4.016939920369932970e+00,-4.264936362490443500e+00,2.198369960254889399e+00
3.854325311788937114e+00,-4.339475045646045359e+00,2.082065915866343708e+00
1.956882590295162760e+00,-5.280865292561723656e+00,4.987151506680689295e+00
3.137123332534216491e+00,-5.936318665112683135e+00,4.500309892360719211e+00
-6.033363368594235610e-01,-3.971019952806869924e+00,2.903347544350251219e+00
2.405440775989929225e+00,-2.603692213003124145e+00,4.846723233269279341e+00
1.990135135891034190e+00,1.746179324077510864e-01,4.618786224740641266e+00
2.063907269707251135e+00,-5.009370873299967553e-01,2.062483950973821756e+00
2.063907269707251135e+00,-5.009370873299967553e-01,2.062483950973821756e+00
3.626307968785872582e+00,2.691528732955284289e-02,2.435986362721835885e+00
3.726318242094947664e+00,1.152529859071007856e-01,1.705196691794758301e+00
4.571048509066007348e+00,-9.859000470718775055e-01,1.093981409567571061e+00
2.746418602577476609e+00,3.476888172829628032e-01,8.211756030167796094e-01
7.235893039038406194e+00,1.936239253856342213e+00,5.987821573218141680e-01
6.012495233728577304e+00,1.473783962643163914e+00,6.729690808127150037e-01
2.186018893054989753e+00,2.201659149622828160e+00,9.316803873218444665e-02
2.398170883331035785e+00,2.037845728556658464e+00,-8.364885665439825146e-01
2.851982440312925693e+00,1.400899309757999811e+00,1.002406159966323651e+00
1.691569801233674619e+00,8.640704208816468723e-01,2.026534869795120208e+00
3.050628603586270859e+00,6.169007614549930629e-01,2.568116468635402772e+00
2.719848541035633227e-01,1.511814719880305580e+00,3.793099131672583724e-01
1.880402320143437500e-01,6.997720665181661470e-01,3.809145373505138377e-01
-5.854176395667370914e-01,-8.536067774138552666e-01,-6.074929793403949230e-01
-1.904063870482943122e+00,-1.967498261673595872e+00,-1.808572940400000828e+00
-1.072852282393075507e+00,-1.240199799321039187e+00,-1.337680000702341943e+00
-1.176458398819333340e+00,-9.598396633471163453e-01,-1.211843252661760406e+00
-3.515022023656162731e-02,2.461442984650182020e-02,1.606504010638681312e-01
-3.569326961264299766e-03,3.285500430512193204e-01,2.686653195277811101e-01
7.013953847228112659e-01,9.416470028522607727e-01,7.831224032381762790e-01
1.384848448010373767e+00,1.123452544849819379e+00,1.401445612869383517e+00
2.698082546906343193e+00,2.681410403223056349e+00,2.833028029505633150e+00
2.767172654320035452e+00,2.305217148902846791e+00,2.932891171800760421e+00
2.242516807976599136e+00,2.325758139934701152e+00,1.889051020441082640e+00
2.115857584115213186e+00,2.327878066737477880e+00,1.901617677968558295e+00
2.551401226629239627e+00,2.240888790149299759e+00,2.835472585409084978e+00
3.081603281021137786e+00,3.447581548524988548e+00,2.501094045647192843e+00
2.101907225024580050e+00,2.146482286835365905e+00,2.407145916004838515e+00
1.714024094703426870e+00,2.027366637623237988e+00,1.825305332750281284e+00
2.278426768436970562e+00,1.265836197464053958e+00,2.160394828898469566e+00
-4.832966047948643040e-01,1.357089684451717460e-01,3.874446791602553786e-01
1.351839120081890222e+00,7.101812288732981537e-01,6.797609961197296213e-01
8.805532813506963263e-01,6.148863170304383896e-01,8.516602923987692808e-01
4.770301140181260058e-01,2.987420849451794536e-01,3.329436119624585300e-01
1.115778824075288993e-02,3.078409852182008577e-01,1.844570004405685082e-01
4.987908252181555646e+00,5.366231292208674120e+00,5.401290942427681152e+00
5.720427360785000914e+00,5.372994739376138362e+00,4.927063303938339800e+00
2.710868347796853595e+00,4.427427284235743166e+00,3.708484672303933749e+00
5.798927270053916949e+00,4.468686887314877509e+00,5.375972118935642641e+00
2.846445475179673057e+00,3.432798960660397025e+00,2.563713116909505541e+00
4.847783119942013386e+00,4.134849067083721685e+00,4.358285160853116125e+00
4.507394323273000047e+00,3.551716576033502992e+00,3.742202110350081323e+00
3.285483341199870289e+00,4.574381188428428224e+00,3.724990031345072339e+00
4.630731208841077695e+00,2.826762791745009551e+00,4.031154294668457538e+00
2.301667788022106809e+00,4.559349325108670747e+00,3.075878650053642804e+00
1.792631463962982785e+00,6.261958235597403721e+00,3.578315579681435210e+00
2.854546395681205162e+00,5.453554602380948246e+00,3.651089820054802537e+00
6.434814144399828351e+00,4.961131119343841434e+00,5.756921288030572015e+00
5.164497141308269867e+00,5.771871709789154536e+00,4.091422188280995798e+00
7.646466276760875758e+00,5.990181045479255673e+00,6.834011761316099332e+00
8.108558742040870015e+00,6.278129590273734628e+00,7.366996273388425109e+00
8.426706131464269944e+00,6.247142533450333879e+00,7.333999856366429704e+00
8.025580897327772689e+00,7.661305789211275474e+00,6.064878749367609956e+00
7.490595523832818792e+00,7.157290945022414697e+00,4.791587764711026765e+00
6.838012150496375341e+00,6.921775088641442863e+00,7.964514304667041245e+00
6.282547432130106912e+00,5.904802344035462447e+00,7.175079492642137069e+00
6.732280222876843467e+00,6.772729343452144946e+00,5.924850680987629126e+00
4.786061558064222510e+00,4.025370856353530868e+00,6.592352131749471766e+00
5.256434394663399345e+00,3.903176266284222873e+00,4.290497221943729400e+00
3.450025269854777310e+00,7.130814517274238540e+00,8.197269701145748044e+00
7.139283403360204616e+00,7.033977865035064170e+00,7.201756417909723318e+00
7.496718693068867623e+00,7.069566889805625642e+00,7.210366557576958435e+00
1.297361383727173134e+00,1.144824429047887504e+00,1.195816872505120809e+00
1.064298955193514029e+00,6.546245032228460436e-01,9.499183192857524327e-01
2.047767710999275792e+00,1.925444837713356616e+00,1.883354659437150191e+00
2.939573419221768624e+00,2.438042301610606533e+00,2.390300538369040773e+00
2.939573419221768624e+00,2.438042301610606533e+00,2.390300538369040773e+00
2.503938799495005529e+00,2.818719271382486014e+00,2.558933161419348234e+00
3.709507112380522109e+00,2.933216120321019638e+00,3.808615484081981251e+00
3.406678296098700987e+00,2.506301921648450115e+00,2.034697779543413354e+00
3.348195185629583293e+00,1.926356074347147285e+00,2.371331328427658924e+00
3.349264564922042275e+00,3.772553842752765174e+00,2.515308405309501616e+00
3.478555434443439065e+00,3.175911995239349750e+00,3.978848271592989150e+00
3.421482784606967975e+00,3.495389184121214132e+00,3.511151856290931850e+00
2.208612791481434190e+00,2.351484580869424246e+00,2.544186489489584257e+00
2.282446583275918872e+00,2.163251318488854213e+00,2.091143793548691843e+00
1.688771761550518447e+00,2.151043843233621189e+00,1.787478029577551197e+00
1.417126202911217318e-02,3.918214402990619627e-01,9.756303258714098536e-01
7.364525896409858108e-01,6.897034756305631120e-01,1.367821813707708278e+00
2.457754744639787159e+00,1.400219138781070072e+00,1.646893060542750087e+00
2.418580347165253386e+00,1.646153410394284311e+00,1.776113395745288814e+00
2.451734286156162401e+00,1.086888111857905903e+00,1.997358070067631663e+00
2.090619927934597388e+00,1.568373742069986143e+00,1.940886332054686747e+00
8.400619774439256338e-01,9.652895307329335539e-01,7.322137507258833500e-01
1.360719113668884317e+00,5.971944696402725627e-01,9.944715905397326638e-01
7.915703922959109740e-01,7.054822534618445662e-01,9.045639190463049539e-01
1.243412033441009479e+00,1.080803299633508852e+00,1.105803638112289544e+00
1.444402355400146609e+00,1.265364269628755922e+00,9.857272161197946359e-01
5.465342837384987718e-01,6.640254867862885879e-01,1.039938560265452727e+00
5.173758252926491386e-01,3.524751133664347225e-01,-7.453197216057000363e-02
4.158082045402150539e-01,1.674762110195296305e+00,6.479003459522059138e-01
2.445746226170063542e-01,1.679258572974097863e+00,5.443711169074769707e-01
-3.305776368848417635e-01,2.745595752495734176e-01,2.218411836018080452e-01
5.142737894507966034e-01,6.451703414759690780e-01,5.888377361949216349e-01
-1.104389126406930682e-01,-2.123963278296941148e-01,3.810039410409454992e-03
1.601277997457166979e-01,1.670421288284293371e-01,2.491376961691064429e-01
5.918158936928594738e-01,5.181579112393777109e-01,6.473429598373472427e-01
5.337234976829756672e-01,5.330542613356143988e-01,6.647403231736196405e-01
9.437284048382789114e-01,8.882889177693593652e-01,9.232101324919911312e-01
9.288407836092424930e-01,9.858143431125544476e-01,9.393064617027079288e-01
9.288407836092424930e-01,9.858143431125544476e-01,9.393064617027079288e-01
1.331433780334761119e+00,1.272078652471219762e+00,1.220076096445259717e+00
2.339500886160283066e+00,1.854365582380359312e+00,2.349780404929661781e+00
2.932950062991028228e-01,1.212370938238483742e+00,7.544680359095808919e-01
1.119541944778002174e+00,1.176271400262647981e+00,1.271513539442344465e+00
1.001232088546776478e+00,8.339838196707953788e-01,7.943407365051819990e-01
4.330922383824563071e-01,3.320485600948399618e-01,7.018943910984148937e-01
1.968073384022777317e+00,1.634556319902436883e+00,1.928748567893186161e+00
9.384571574047086973e-01,1.228810454566692689e+00,2.391905326594343961e+00
7.961117194496796223e-01,2.126206464730600931e+00,2.729969257627824941e+00
1.627732730580458975e+00,-1.055809247819329277e+00,2.275405993080706235e+00
7.622266931373765653e-01,3.617037016035018926e+00,1.387661428215619663e+00
8.363516615041738378e-01,3.769182474462573484e-01,1.907799547793403550e+00
6.705857202720019172e-01,1.386930849077224970e+00,2.235889437976341210e+00
2.239477011601644030e+00,6.101799753079182320e-01,3.330717428087203724e-01
3.623363574462284742e+00,1.200832789672451995e+00,4.449302380704533988e+00
3.611251251212002522e+00,2.370227455443467135e-01,4.945974882734759603e+00
4.084881675798703426e+00,4.861644848645146233e+00,5.831732893957398467e+00
5.415673602461133385e+00,3.819695586418996758e+00,5.158381897954743778e+00
4.317017813311851526e+00,4.815240984242149302e+00,3.142569835892929486e+00
4.479855073029604284e+00,4.807369256113145362e+00,3.200232316320734238e+00
3.156752596843936498e+00,3.701637920495620460e+00,2.807200620294079574e+00
3.124785890502030927e+00,2.449377611889264283e+00,1.369606536805275665e+00
2.954440218925817874e+00,2.572054321590055981e+00,1.760657297355359807e+00
1.568771932480455877e+00,1.812335976349048527e+00,1.338539194637636598e+00
1.881810365872613078e+00,1.469028325898668275e+00,1.128244747437237683e+00
2.142585121711691354e+00,5.214165010904687758e-01,1.711865879717289651e+00
3.264629004641221410e+00,2.938179796126445531e-01,3.595402929386504187e+00
3.609972607419011936e+00,-2.773334340935611486e+00,2.043280690531683152e+00
4.607264283728413901e+00,-2.080217115592415844e+00,2.218630770663112983e+00
9.855985809334291137e-01,1.980605269767797161e+00,5.833096490182330118e-01
1.042699660499232905e+00,-1.034350518033051031e-01,1.407982012075835287e+00
-1.453647068538140019e-01,1.116042425504128577e+00,8.652823156953581840e-01
1.412587677813649800e-01,6.847665088778575049e-01,6.406421697779505209e-01
1.251284707627163151e+00,1.128929169781761610e+00,5.087803569313787966e-01
2.399189797926076562e+00,1.377712069555948882e-01,4.474059144082101480e-01
2.520974391912411683e+00,2.574362975505160911e+00,6.758149980482184294e-01
3.274387115605431386e+00,1.340024275638533879e-01,6.233218053860483110e-01
1.353137128243758092e+00,-1.002709991779618282e+00,-1.128186001000543864e-02
2.215174590513352637e+00,-1.096580353106012318e+00,8.773283638974698206e-01
1.665819813885959233e+00,-2.065765850734285092e+00,3.065918588327833372e-01
2.261485214344553629e+00,-2.705141646851711990e+00,6.679616423507346301e-01
2.843561806058152452e+00,-3.832519345158078128e+00,1.267723298416279842e+00
5.850681334228389652e+00,1.977460357629000076e-01,2.732076950713511754e-01
5.258736167217228363e+00,-1.309176931786441678e+00,-8.358959564870858117e-01
5.557012981008840669e+00,1.037441444602425600e+00,2.797053154644508766e+00
7.882553125522007154e-01,-4.593492167453155917e-01,2.232654271189765893e+00
1.348421280015634771e+00,4.983879122341000056e-01,2.692678341373189177e+00
1.507707382094029880e+00,7.861019461601553848e-01,1.350465704740623218e+00
2.391865075838838006e+00,2.643912276258386651e+00,1.200837051009075784e+00
3.151450035670976924e+00,2.687522920700818219e+00,9.299391812932997770e-01
3.000318068852270592e+00,1.503193370697377018e+00,2.240422564071166356e+00
2.607198135083256929e+00,1.635048766995019998e+00,2.160819626551060857e+00
2.007451667800489226e+00,1.136179479987767582e+00,1.385468322433289545e+00
8.177734572167357774e-01,8.808864304802541678e-01,1.251482527461402539e+00
1.454083722353579855e+00,1.546248660515913809e+00,2.213670532078004349e+00
1.244546356277923316e+00,9.860611338661153802e-01,3.532091495295456296e-01
2.871583528090324133e+00,4.835796116939446998e-01,2.961867434589429138e+00
3.457880429296231739e+00,4.646670525585808731e-01,3.443999217877283137e+00
-5.302157231332907950e-01,-2.786551836024817597e-01,3.142883920331869252e+00
1.831766375205819308e+00,-1.962170217818774542e+00,2.573895027771217148e+00
-1.828199856810779567e+00,-2.512417849028542260e+00,5.841968431290448294e+00
-1.807596464889960952e+00,-2.314498680683589882e+00,5.760533650608219425e+00
6.054878814063200387e-01,-5.564207124923600922e+00,5.869678043464212180e+00
7.362021723982248300e-02,-5.244788243909384917e+00,5.555123093485250685e+00
1.808608425982555667e+00,-3.538243958067998740e+00,5.302999072312942097e+00
5.457545337775274952e+00,-6.556202335533635406e+00,5.320986251268799094e+00
4.242282164306442560e+00,-3.118643481511266025e+00,1.469013880878273559e+00
4.656528926330190998e+00,-3.416386183887529349e+00,1.314388781426435227e+00
5.158755161810764989e+00,-3.455992939020943844e+00,2.959758012755436152e+00
5.794228576322840496e+00,-4.630484320915881469e+00,2.500582720041089502e+00
5.074308541350079693e+00,-4.727019320176872874e+00,2.033952765747163216e+00
5.031863703783678865e+00,-3.815262209357905832e+00,2.751841266585854484e+00
1.743758175588169035e+00,-6.130470384369195003e+00,4.864992288374854645e+00
1.505948498134733970e+00,-3.424938267485319265e+00,4.656862876933645978e+00
8.706551832898012933e-01,-3.969195904770253858e+00,4.522155998229509422e+00
8.706551832898012933e-01,-3.969195904770253858e+00,4.522155998229509422e+00
8.706551832898012933e-01,-3.969195904770253858e+00,4.522155998229509422e+00
1.930135675561903019e+00,-4.421622345897911366e+00,5.251765193978540580e+00
4.187242329098658900e+00,-7.233530057456621698e+00,5.944244716448275234e+00
3.606921907814143236e+00,-8.103600863443743307e+00,6.865566591438538424e+00
-1.544029301937263510e+00,-6.407721157005048518e+00,4.375109758275009142e+00
-3.256763142411446821e-01,-7.801743319834846702e+00,5.083169736111966763e+00
-1.845559909054196979e+00,-7.987509465178516344e+00,3.439144778969064564e+00
-1.333049020284384323e+00,-8.342048140790756960e+00,4.038985907358553007e+00
-1.510293998111297498e+00,-1.564051024447873806e+00,3.372304400489246845e+00
1.723819874525643892e+00,-7.618636851685637312e-01,1.731662558128888474e+00
-9.128040387908532560e-01,8.621956432405046833e-01,2.441417416200503787e+00
-7.259636828277755694e-01,1.302966166611531307e+00,2.598362929742324745e+00
-8.558889039929501452e-01,1.263856279104305091e+00,2.630489261427710890e+00
5.702729009204716704e-01,1.311353124043497242e+00,2.452460470847454665e+00
1.042759385770267944e+00,1.240733357808154524e+00,1.657210281091591630e+00
6.070131575916623001e-01,2.180455911160322113e+00,1.465862513360549402e+00
2.770646085814868265e+00,-5.012038972506918100e-01,1.890743633618713559e+00
4.064076836249136626e+00,-1.462201954871085174e+00,2.984898812071246965e+00
4.453053657633661899e+00,-2.590699077813383600e+00,2.908898765220561344e+00
5.360815746113138935e+00,-3.878413923773245675e-01,1.165928055984556622e+00
5.600441915354563704e+00,3.731098881375629062e-01,1.693668260200479336e+00
3.725467789400986440e+00,-1.853849732179283283e+00,2.129523218266374585e+00
8.467379118422829753e-01,-2.379302292317996281e-01,2.224805542810391668e+00
-2.027109879053254626e-01,-7.145757773604344276e-01,1.855781751497818544e+00
2.435532998634018786e-01,-1.649437004727601463e+00,2.474194662047805249e+00
3.196356560185719786e+00,1.393669133106353542e+00,2.453445927883946442e+00
5.295176615250305474e+00,2.309781975277658717e+00,2.549235954898394496e+00
3.912015764962870179e+00,2.275090916074563374e+00,2.122133339932317231e+00
3.901589698190916611e+00,1.868212206751707294e+00,1.928658422555054930e+00
2.037110884307570924e+00,1.136548843753738325e+00,3.212028641900207315e+00
-1.024169964548162559e+00,1.726366355372724870e+00,4.731409356665181143e+00
8.538073071784396326e-03,3.017897835540377827e+00,6.038055222595927418e+00
4.415591499965097061e-02,1.897013826655579716e-01,5.453348600040118122e+00
1.538599785816828547e+00,9.618089452870430545e-02,5.931511022690338919e+00
5.160579579161296060e+00,1.374227683857356164e+00,4.153923799184400245e+00
1.547445075574134021e+00,2.292695564137027908e+00,2.191659142949311967e+00
2.364915815885759276e+00,2.407405075479666312e+00,2.356927750291532231e+00
1.055762137553090119e+00,1.516988433273401826e+00,8.285378496495479084e-01
1.189211226280645350e+00,1.747705830536699256e+00,6.469217153034459988e-01
1.277640515628574391e+00,2.343112602366670405e+00,1.921622178049975149e+00
2.637488202395025017e+00,2.368236600968400829e+00,1.242015771773018251e+00
2.538812567629453731e+00,2.383249380957714436e+00,1.294898046133382552e+00
1.373923703235956584e+00,2.516348352787527887e+00,2.249736512142824552e+00
4.662085211001513185e-01,2.654264051722982742e+00,1.984112511233941500e+00
1.214657896485548116e+00,3.600558996991463534e+00,2.701062677315495542e+00
1.283783093213605397e+00,3.270608620936950928e+00,2.426261076069445188e+00
-1.022633677318844775e-01,2.389789913512399000e+00,2.915672504217575067e+00
-1.205131708362966236e+00,2.316697649736656928e+00,-1.963336369350370259e-01
4.276875931762511129e+00,3.247597870884288085e+00,-1.489227065856016496e+00
-2.031622984127677167e+00,3.359507422287505651e+00,-3.088893682693219844e+00
-2.375370211186946801e+00,3.189014644093393969e+00,-2.945708172798217284e+00
3.364887294417873154e+00,-1.771650843169102041e+00,7.652850100615741225e-01
-1.530063050438574823e+00,-3.266658550025829388e-01,-3.744690420811290776e-01
2.842604983799658314e+00,-1.662993650889773023e-01,-1.957703728071744642e-01
4.219565739399872006e-01,-1.223858129243399651e+00,6.065482241798624274e-01
2.242219062206128655e+00,-1.100137362321449874e+00,4.304293977811919358e-01
1.910507330569785278e+00,-2.342079320966545808e-01,-2.521821733812750765e-01
2.025998993553869365e+00,1.315961024653732547e+00,3.804434186578779520e-01
-1.773626702115261300e-01,1.694862248118594525e-02,6.075461335283253161e-01
3.507266303384045103e-01,-8.510548101473451865e-01,-6.838016738022153485e-01
3.806518647688997975e-02,5.846562202376239803e-01,2.601077301502379147e+00
-1.806948834432961615e+00,-1.830685258873095300e+00,4.911556756916092836e-01
2.256301832666568252e+00,-1.380363864393861828e+00,3.614540357638983181e+00
5.439098127174618824e+00,-5.121442196597336682e-01,3.765744455061453166e+00
7.039602511237647242e+00,-4.974404722620660912e+00,3.117418334252119116e+00
7.039602511237647242e+00,-4.974404722620660912e+00,3.117418334252119116e+00
1.917019609359326138e+00,-4.356445373808839783e+00,5.902811502363801033e+00
1.869375674223838990e+00,-4.020371815218935829e+00,5.756771000207785427e+00
4.014208947308543607e+00,-3.659397435031637169e+00,6.137453565724776183e+00
3.439464071648703491e+00,-3.233751573780625943e+00,5.993317610898156289e+00
5.677799076131353928e+00,-3.507285114098133150e+00,5.276360467437132051e+00
6.060338587342989136e+00,-3.787367572614133149e+00,5.189865525356377240e+00
6.060338587342989136e+00,-3.787367572614133149e+00,5.189865525356377240e+00
6.022117521041620236e+00,-3.717360742559588260e+00,5.132316005478381626e+00
6.022117521041620236e+00,-3.717360742559588260e+00,5.132316005478381626e+00
6.022117521041620236e+00,-3.717360742559588260e+00,5.132316005478381626e+00
6.014340772290230674e+00,-3.690562158178066099e+00,5.072212361072374165e+00
6.405677888054070124e+00,-3.340848304709697292e+00,4.826606511374759378e+00
4.348852956070559550e+00,-2.986439346548008800e+00,5.440873356304519071e+00
3.188549254919058384e+00,-2.721826018340155695e+00,2.270359572362329104e+00
3.021777210199232844e+00,-3.140350141286680330e+00,2.996585140517775692e+00
1.902600643525171664e+00,-3.534230360958545258e+00,2.965209362356677314e+00
2.219081851511222503e+00,-3.513946714258914472e+00,3.007899353728539449e+00
5.204636146766520532e+00,-2.821816776790866399e+00,2.181989875061049133e+00
4.879197421805126389e+00,-1.924343136879891336e+00,1.556917371536415295e+00
2.957009692850910643e+00,-1.935625659960364509e+00,1.581510152380608547e+00
-5.400369281209729255e-01,-2.176193432352460100e+00,2.402187826389870384e+00
-1.906741843987438401e+00,-2.348519811377019373e+00,2.026820507391207116e+00
2.834909837360383822e+00,8.488652799822404837e-01,2.083020639428750709e+00
2.905400881070535846e+00,-2.088846452806188136e-01,3.025310995634494127e+00
1.701510579660709288e+00,-5.733514823802099425e-01,2.232615471670579499e+00
2.028256663296224449e+00,1.530299678539521091e+00,2.770776465370627939e+00
1.360158628144020554e+00,1.207396558173527090e+00,2.836912680686013655e+00
2.149319376865555853e+00,1.990823374859923556e+00,1.615185952247497392e+00
1.223204433302044425e+00,1.877097932909361777e+00,1.843797890389301752e+00
1.520486353929711987e+00,1.997019479017491994e+00,2.129688169926652996e+00
2.432294797034085132e+00,1.611125797924595870e+00,3.120859101926889423e+00
4.184934613419842186e+00,2.222165780115061384e+00,1.115961289547610091e+00
2.476989508321884692e+00,2.152981591053078070e+00,1.862946085613275571e+00
2.643508705568129002e+00,2.070462867030318233e+00,1.824166169294496820e+00
3.025408252797283648e+00,1.166742558234535876e+00,2.260458236528887888e+00
1.312590925846432333e+00,4.208152298994702889e-01,1.548183086582093138e+00
1.167225755126924724e+00,8.108851008699133889e-01,1.761427931616730058e+00
1.590225808033230770e+00,1.594732334343547997e+00,1.721027225884151468e+00
1.429110114208097970e+00,1.512186675679228376e+00,1.981677528548160261e+00
1.392512353167058459e+00,2.236114397921027397e+00,1.525275016642258841e+00
1.131179748735224866e+00,1.628249094899747007e+00,1.750043357539631028e+00
2.654514437126731075e+00,2.287747897834977007e+00,1.997309536568283361e+00
2.654514437126731075e+00,2.287747897834977007e+00,1.997309536568283361e+00
2.233066224482016970e+00,2.152775512802843405e+00,2.626770949172956726e+00
2.654183047452578492e+00,2.962994877356957435e+00,1.904184991472198218e+00
7.207076917499475321e-01,8.982126774216534493e-01,5.194798805635828520e-01
3.876953672999101097e-01,5.839808487665799630e-01,7.123831149895561987e-01
3.287492664165081457e-01,1.763330446859718403e+00,9.508815374791197428e-01
1.002056115038485684e+00,8.263054290433073934e-01,2.314717489556723962e+00
5.089579631469425269e-01,9.176378131528453164e-01,2.660926164835845320e+00
2.300586253725963815e+00,8.067318432361153535e-01,2.488182169472510363e+00
1.647792804417418155e+00,1.522399190279362324e+00,2.192392949688802606e+00
3.245827019478351172e+00,1.443268035369468683e+00,8.577831824835092656e-01
3.371326295600274303e+00,1.763935813206220615e+00,9.547908378529461615e-01
1.612664786917848092e+00,-1.425650121137655990e+00,2.970906492373359686e+00
1.131428357906087534e+00,1.617100518532060605e+00,-4.084661441610196175e-01
8.420355666262802075e-01,2.015754172055585158e+00,-4.040068672415971784e-01
1.506898621401813632e+00,-7.953574959569793545e-01,1.694481012021986421e+00
2.009523092149987367e+00,3.582298609645198528e+00,2.920671702566980943e-01
5.407268721271638157e+00,1.750804491583580313e+00,1.170603247311039263e+00
8.128869699199858800e-01,1.175832072594504008e-01,8.897591485322553506e-01
1.503548326832245818e+00,4.812687471358118030e-01,2.734301793189064966e+00
1.558246603342650083e+00,7.839116243832419118e-01,2.887136824674724878e+00
-5.681109759853316676e-01,7.976975575135399898e-01,4.712873109311551012e+00
1.998739520650783807e-01,1.355349050578218417e+00,4.186383330739378295e+00
9.889401192348809544e-02,1.381849802860197318e+00,4.210639863209979517e+00
2.464568941433514515e-01,1.560348034894769143e+00,4.215921501667839522e+00
1.775592678116122702e-01,-5.126869295974001428e-01,5.020329688242795463e+00
-4.076322815243516029e-01,3.561042119916352777e-01,5.923817638289754051e+00
2.624023436521502606e-01,3.965130976940486884e-01,6.006740662519701957e+00
-9.345187676867278137e-02,-3.359627551950958857e+00,4.097575394309650676e+00
-2.466556369932475790e-01,-2.996190386909360015e+00,3.827275946309851129e+00
-6.506169603426124048e-01,-3.298323619705473497e+00,3.642299363515812072e+00
-6.160771295948951343e-01,-2.920526439327288504e+00,4.024090188304428217e+00
3.574622453198922356e-01,-2.281290193428476609e+00,4.967419789429205146e+00
2.896979746340651918e+00,-1.591194680465078948e+00,1.621412527095979383e+00
4.410620808143548288e+00,-2.859703740476124523e+00,4.763035171176667859e+00
3.549402902205116117e+00,-6.106466779286456870e-01,2.785327413031848387e+00
7.126705809436515437e+00,-5.517272348859441955e+00,2.114236015598702334e+00
1.006507951922263899e+01,-4.540368528347037191e+00,1.587641223155037640e+00
1.041002949071625316e+01,-3.702134239773949620e+00,1.747074422865547483e+00
1.083015990212751056e+01,-2.779853642738195241e+00,2.040996478381337020e+00
1.217881767493942036e+01,-1.970600101234790236e+00,2.692091349705056036e+00
1.103690445246992269e+01,-1.731690423286112557e+00,3.243677191912356594e+00
8.411765403092635651e+00,-2.476867880690448498e+00,3.565007637810444496e+00
8.684071983280345464e+00,-2.381300556140722779e+00,2.920211462150373194e+00
5.380853075763861071e+00,-8.934282812041927091e-02,2.256889806974211155e+00
5.869985439554971762e+00,-1.433560471670951797e+00,3.532510006714533191e+00
2.347821847478637203e+00,1.523671514423649009e+00,4.166927527221361949e+00
7.088767210985646550e+00,7.916555852520709147e-01,9.309230987839658411e-01
7.088767210985646550e+00,7.916555852520709147e-01,9.309230987839658411e-01
6.698316745706651254e+00,1.571538096335309831e-01,1.255873675360539510e+00
6.631410779310396464e+00,1.245277752541229521e-01,1.303128110846820231e+00
6.631410779310396464e+00,1.245277752541229521e-01,1.303128110846820231e+00
6.631410779310396464e+00,1.245277752541229521e-01,1.303128110846820231e+00
7.437697709100750565e+00,-7.023891559635105919e-01,3.050894667531125926e+00
3.879365697018112069e+00,-5.609675068728220415e-01,3.277095256412009050e+00
3.085066407796672294e+00,3.790932103370132200e+00,5.619330036850966881e-01
1.879880485281036018e+00,-8.021385704281756013e-01,1.908954243213593305e+00
2.049433570014637773e+00,-7.864316405898121864e-01,1.975347626529464495e+00
2.049433570014637773e+00,-7.864316405898121864e-01,1.975347626529464495e+00
2.049433570014637773e+00,-7.864316405898121864e-01,1.975347626529464495e+00
7.472620217544073684e-01,4.455585393603526678e-01,1.665147089789971835e+00
1.024827678684772092e+00,3.520730390744096217e-01,1.778528713499864189e+00
9.730360592172599965e-01,3.922207101223130765e-01,1.734929505369508851e+00
2.537652219221485650e-01,4.995268443877872722e-01,3.194581920799671182e-01
-1.011410614601193497e-01,2.274774740527655270e-01,3.904589794532374869e-01
1.076672648393592224e+00,1.041366110021549440e+00,1.274668941845036096e+00
6.171765190346965024e-01,7.010481045173635462e-01,8.059352530856682684e-01
1.758476644954610091e+00,1.931874035120343391e+00,1.241784566310328630e+00
1.615258790942538214e+00,1.675516309894973910e+00,2.014872229914848045e+00
1.747399807281832640e+00,1.616940790194944411e+00,1.326197054949794341e+00
1.296696080287458974e+00,1.401723103178962093e+00,1.771654593628173791e+00
1.458412983523003748e+00,1.461789588038120646e+00,1.656294422434927638e+00
1.752218137070785220e+00,1.412162091825326815e+00,1.677785973761715121e+00
3.243507238437619122e+00,3.302619467330625724e+00,3.281120473403599025e+00
3.674676482846294778e+00,4.322226658708566482e+00,3.230916160760844758e+00
2.629683987400370793e+00,1.018622490152495619e+00,3.792283591259435482e+00
4.574409453924183744e+00,4.412434527350056257e+00,2.734015935000915221e-01
6.704372517104506990e+00,3.321688070238867141e+00,2.057733181194580041e+00
5.949287222730874625e+00,3.316090388125828792e+00,1.616750920423958959e+00
5.107570350676233772e+00,4.224499881433976256e+00,1.580790757653054213e+00
1.447494502476533551e+00,1.761347934836872131e+00,1.448446616211457538e+00
2.040566063328836055e+00,2.281098363543795138e+00,2.048634884700959891e+00
2.905798042377199852e+00,2.531070028413505479e+00,2.555542610582193674e+00
2.995839758772233630e+00,3.129520972962968717e+00,1.980829933136867949e+00
1.957047654069163700e+00,2.726699277455670867e+00,2.166202285133237204e+00
1.767193551202991486e+00,3.184169838394626417e+00,1.658511733829415968e+00
-9.660654244278865654e-02,-2.284862095620437406e-01,4.194259383654874163e-01
2.399627012780973345e+00,1.008148194341990989e+00,1.222409581948105561e+00
-2.586413873064850044e-01,6.514223577083479988e-01,4.114384413305213761e-01
1.482761706975766369e+00,-4.990377571821010827e-01,1.486518972597715482e+00
1.299524900481301870e+00,1.452662587235785452e+00,1.560925446050062781e+00
1.709585022398203202e+00,1.893562742908984520e+00,1.075623123418823157e+00
1.408897628697122650e+00,4.423181388847121642e-01,7.322793631402612080e-01
1.166710499125462208e+00,1.120958167883434831e+00,1.222055490443125336e+00
1.453118570930504116e+00,1.332290021657903889e+00,1.539677903307012929e+00
1.652927661390728442e+00,1.615525922771451794e+00,1.717614252142041442e+00
1.243704995349830034e+00,1.330387067154858549e+00,1.261388950533031350e+00
1.062810230243412368e+00,1.120190274874868663e+00,1.109053811633852638e+00
1.109417468987966782e+00,1.099951796906619927e+00,1.131363900767239361e+00
1.267386101704239154e+00,1.441594298379560213e+00,1.401325569176031349e+00
5.454262768322764021e-01,6.929845113751705865e-01,1.286556921540040532e+00
7.972361501007743101e-01,9.622198692110165430e-01,5.422862880106266159e-01
5.108072846399086542e-01,6.673411104977288177e-01,9.285110003723432426e-01
7.189879754805048595e-01,1.281274864379549072e+00,6.911013288028942103e-01
2.758392904724897288e-01,3.485772594599800267e-01,1.183623453328433550e+00
4.637298001330369401e-01,7.714881761953422401e-02,-9.964213105430115569e-02
9.024176653345508115e-01,-8.986864775779408454e-01,1.527711543265549921e+00
-6.512551819478688137e-03,1.651615891762685306e+00,8.964193931953982064e-01
7.635803210451602707e-01,2.910611586636673298e-01,1.095895675578291595e+00
3.035128628852774124e+00,2.418561069525670071e+00,1.107726109603941023e+00
1.492250349563145173e+00,1.054593861165233903e+00,2.679781576873531801e+00
1.491510081508188090e+00,5.091901228933196633e-01,1.885062393493879718e+00
6.144445872870090142e-01,5.487946397168138590e-01,2.229781630567988060e+00
4.144385302753795131e+00,2.732820243129825855e+00,-1.051041529093960314e+00
4.647272806200573037e+00,2.125149612102112950e+00,-6.247950658932749368e-01
4.798506601692666074e+00,3.456952253992587654e+00,-1.026160294686097707e+00
-5.435309885351393699e-01,5.909390175903237896e+00,6.520652277250502671e-01
4.578488155748465793e+00,3.974880265494242337e+00,6.696944894188319730e-02
6.401782578028816673e+00,4.520357877767847476e+00,1.016197867336857685e+00
2.461137194064326739e+00,3.745168538253283774e+00,2.529682838801169620e+00
1.967556187980611826e+00,1.584102780217622852e+00,1.640867093356299211e+00
1.023444776867791006e+00,9.693320334786896808e-01,3.785553158901184378e+00
1.502634324978012303e+00,1.323191938944812407e-01,1.888358920308533362e+00
-9.185753440982236118e-01,2.756706490508926244e+00,7.298632446329854639e-01
3.896350740805621715e+00,2.673054884450374313e+00,1.464759695171651943e+00
3.520787832414430607e+00,3.666981182411840123e+00,1.807523739347868696e+00
2.318305052223211149e+00,2.899720028824431139e+00,1.826982061520659339e+00
3.561710603015054155e-01,1.603236989917573019e-01,1.837842087494225563e-01
9.783704302405996645e-01,6.234036004903510397e-01,1.727465329479436207e+00
1.651361589064769264e+00,1.126128019274055259e+00,1.049640299504840391e+00
1.363990292683239014e+00,1.421645288517546346e+00,1.526161947855754875e+00
1.526833831492418803e+00,1.596941334553748648e+00,1.492500774175304912e+00
1.270703339617538674e+00,2.248728019032388392e+00,1.501256718028563641e+00
8.792474459857350100e-01,4.763155350145604761e-01,7.880289188547278112e-01
2.053980227588683150e+00,7.198179748803457123e-01,9.153168254690197125e-01
4.214580866445339358e-01,5.500794075847038611e-01,4.815389985665222694e-01
2.357451985670200867e-01,8.037553993502629668e-01,5.624223034006213817e-01
-1.226590300308586068e+00,-5.202760893325735214e-01,-8.001383437203914151e-02
6.534129491991765848e-01,-1.305020397129125875e+00,-2.105913902798573378e+00
-3.535371141335644785e-01,5.121253219387997824e-01,-3.372472637376389137e-01
-5.086154801426343575e-01,-2.534228972323266049e+00,-9.052149889641152303e-01
1.083529684410979410e+00,-2.835841173290709616e+00,-2.353979126503122077e-01
-2.405103114281900378e+00,-1.807058038734415062e+00,-1.778397937487992353e+00
2.255436469387052334e+00,-6.257458055642445283e-01,-1.240375319973528567e+00
2.101509448097840238e+00,1.601876956974723099e+00,2.252810355232826467e+00
1.971818235888744830e+00,1.033275626966865479e+00,2.960944407576631132e+00
3.345160805828963468e+00,-1.390431851409572872e-01,3.601783275076362312e+00
2.913894469595196934e+00,3.354555839164688469e-01,3.629732597125184146e+00
2.611705563396078400e+00,-2.521561450583274411e+00,3.192070488572100295e+00
2.833779312344173018e+00,-2.463570527719615377e+00,3.359883705495147144e+00
2.833779312344173018e+00,-2.463570527719615377e+00,3.359883705495147144e+00
2.833779312344173018e+00,-2.463570527719615377e+00,3.359883705495147144e+00
2.674658981781911304e+00,-2.537768879062663352e+00,3.505577207120157190e+00
2.330705698806333714e+00,-2.208718547085116501e+00,3.885067598103381314e+00
2.712106761121132692e+00,-2.859363572893274696e+00,3.536132574357720770e+00
2.405997283657082431e+00,-2.926279390297624072e+00,2.383460433678511237e+00
1.220323716410316894e+00,-3.145636715109649817e+00,2.575308241326697445e+00
2.139244590707435556e+00,-1.223756919070061455e+00,2.363222617226406363e+00
1.796184451091478840e+00,-1.359132563905566027e+00,2.388037947882639234e+00
1.221782307460568928e+00,-1.520539875640221084e+00,2.736161250658669442e+00
5.617116733913902316e+00,2.775136572839836280e+00,5.870459094390585442e-01
6.270047528669325132e+00,2.681623628593896136e+00,1.704484788329720668e-01
6.390734753282411695e+00,1.895337494163094938e+00,-2.066804493443688273e-01
5.930707387495926852e+00,1.733164271682303248e+00,3.665657516886919320e-02
7.844193886627377488e+00,2.534352531520123186e+00,6.318154051831323947e-01
6.170691829085249047e+00,3.014212755221763906e+00,-6.402669348536880189e-01
3.435607526670053424e+00,1.249756485680189044e+00,-1.107687619673328877e-01
4.047337052907111765e-01,3.213927430705103561e-01,-2.045368240430355811e-01
9.866313540015521077e-01,-9.236419815211004136e-02,5.645831198993594979e-01
1.489162510071038836e+00,1.099328880598357205e+00,1.487361222971717689e+00
2.726532503594161660e+00,3.974219947018251986e+00,1.904128917832717649e+00
4.920548939617233941e+00,3.068368450686885573e+00,3.579712899525730574e+00
2.510809638029948054e+00,-4.033434218922907988e+00,-1.504920312600874777e+00
4.493894270330800467e+00,-6.864185877792119861e+00,2.501389432216175379e+00
2.675863312153667462e+00,-4.229233827396960521e+00,8.174621684055494164e-01
-2.438371694432207804e+00,-1.327112767260417270e+00,-2.462556190175327619e-01
-5.601229355929012721e-01,-1.529743379498595734e+00,-6.733719525314511012e-01
1.071407612745635812e-01,-9.818158391736008239e-01,-4.946518639396294548e-01
5.431260075008318422e-01,-2.914750864935481411e-01,1.068657212127942513e-01
1.259342202092067042e+00,4.524530736379422380e-01,4.307790613819393460e-02
-4.607156189118019052e-01,-1.200979585530623783e+00,3.389197133553916719e-01
9.150591884852059543e-01,-2.444653643643005747e+00,2.962421865545591393e-01
1.597717228706730053e+00,9.726791272935078059e-01,-4.698157891557714905e-01
2.825133255829293422e+00,2.274422748921751225e+00,1.324046332467306186e+00
1.827930177816032564e-01,-1.866651664385402531e-01,9.701927890731785187e-01
2.854790113858609590e+00,3.249280130931513355e+00,1.952669361347098009e+00
1.353237200309194588e+00,2.443616490053523993e+00,1.438148828754326702e+00
3.554768154805629354e+00,2.249294698931469050e+00,1.474949534183507494e+00
3.707836007264333045e+00,1.731990259068895366e+00,1.761782414220861792e+00
3.682563619579930947e+00,1.345987972433640767e+00,2.019995675593969864e+00
7.346320844174064391e+00,-4.469481610652205616e-01,4.995528362413936385e+00
7.054387075123759843e+00,-8.255240667615597605e-01,4.484567027307365450e+00
7.054387075123759843e+00,-8.255240667615597605e-01,4.484567027307365450e+00
5.981572085903248848e+00,3.242251273448244486e-01,4.216249512702993307e+00
3.601465146391904515e+00,-9.607927047288936651e-01,4.261195364031085120e+00
3.957102518135981128e+00,-5.707063654873946457e-02,4.173579068781418044e+00
3.647162102743433554e+00,3.220693629921088097e-01,3.337952960235436528e+00
4.045818929641142425e+00,2.590958801107355880e-01,3.591794184963559733e+00
2.602560318574271836e+00,-4.175897582135363328e-01,2.316234572798166802e+00
2.339501911867949424e+00,-3.097104776209915755e-01,2.725207733369940488e+00
2.944933135248384293e+00,3.111942795441737797e+00,2.042784854122847271e+00
1.768934511140746180e+00,1.525914260226635344e+00,2.763607591795812723e+00
2.725198252696781509e+00,2.698011651691275326e+00,1.302179996521796168e+00
4.020785436539951796e+00,2.476275144867890354e+00,1.834521505852217738e+00
8.524548258800978218e+00,1.332641189497379752e+00,6.485038957083272271e-02
8.473826205295150515e+00,1.116811608814870516e+00,3.933473263551701821e-02
5.756919797557650043e+00,5.574583616772263994e+00,1.025718277251534749e+00
5.925335565951342254e+00,5.747437419253436097e+00,9.457396740585936046e-01
2.621512521300873200e+00,6.506050130849447832e+00,-4.690625669792164443e-01
2.602872917739762482e+00,5.761764739837092364e+00,-2.503596467788222757e-01
2.411271921245509375e+00,5.667635699604033128e+00,-3.829502170136309669e-01
6.798260074127774111e+00,-4.000388719602377741e+00,4.969001403135339778e+00
4.720067518533555884e+00,-5.439302878476881098e+00,4.350501592393611006e+00
5.463272717056397276e+00,-5.956992038671024225e+00,5.150139184208970100e+00
4.668277484278211986e+00,-7.431332220329199600e+00,5.270806982825565257e+00
3.203534210348569999e+00,-7.702975590011359230e+00,5.890298894727674650e+00
5.401009535083247659e-01,-9.726996754832324399e+00,7.709226688734162281e+00
3.776246953283975832e-02,-9.793215817468492901e+00,6.102298419278709751e+00
-1.558302028702928554e+00,-1.197144592978350808e+01,9.375599056403423504e+00
-2.760850900310676703e+00,-8.356567883243966932e+00,8.360745533894901271e+00
4.546625309027900741e+00,-1.168719572813224250e+00,6.785320152452333886e+00
5.969469900922476313e+00,-3.356011940167672236e+00,3.755658303168538104e-01
2.877016666369740960e+00,6.159102603908666929e+00,2.176695983563767367e+00
4.903255419211116184e+00,8.959999819413047017e-01,-2.051436211734194298e-02
1.043686019580710855e+01,-8.920086733375103272e-01,1.781447368873893877e+00
9.775783827734738196e+00,-9.407841139254218277e-01,6.215412138978591017e-01
-4.895061068290798567e-01,2.059378973921190126e-01,1.557372516315512545e+00
2.582973845938073776e+00,-2.154145606612227759e+00,1.909528491932820815e+00
3.617307194920171387e+00,-2.813962965928641924e-01,2.510535134151397951e+00
-7.080960990208662320e-01,-5.953132937941433278e-01,4.052976675534115003e+00
6.031883643932078876e-01,-2.115901130885426085e+00,3.585087574373913011e+00
8.335507347328656724e-01,1.412366034903274059e+00,8.698285348430401243e-02
6.920072158414325436e-01,7.616063002950023142e-01,9.612923715776632294e-01
1.660760822047043339e+00,1.793873925110075707e+00,2.374216417354984010e+00
8.712270707526064140e-01,1.894730137251716018e+00,2.724061141534605657e+00
1.790715387493265531e+00,4.581510003782335860e-01,2.899068360036205050e+00
4.222795545650567028e+00,-2.883349210306431210e-01,1.654810422637021494e+00
5.155912795179035335e+00,6.434304968332174024e-01,1.433789141212835849e+00
9.538179051588366875e-01,1.831155830406805185e+00,2.558561230506543716e+00
2.896674165595477746e+00,1.866244098645720939e+00,2.510665784773143283e+00
2.017968365938226150e+00,2.848118876065964589e+00,2.368593024858490548e+00
2.735850683332986311e+00,8.210674704702638493e-01,3.432768216392949157e+00
2.714558644431381840e+00,2.987940009931328689e+00,2.771189602542884600e+00
1.635605845921813462e+00,1.272818909878476346e+00,1.175986380490420036e+00
9.629165534184322972e-01,1.003757830614386837e+00,1.234723353865115669e+00
1.270433335942779740e+00,1.303943140226749842e+00,8.879263922315616675e-01
1.311215995211215901e+00,1.561442223147253783e+00,1.634477356087242983e+00
2.015613878158690309e+00,2.358250063472975722e+00,2.014559525409952201e+00
2.077491770861414455e+00,1.531645618247955198e+00,1.574649532232305749e+00
2.318034790144420931e+00,1.955785806106466351e+00,1.977121495815156837e+00
2.505803817779745923e+00,2.146530797295220339e+00,1.562180346134325770e+00
2.102167406338662836e+00,1.529617165928262024e+00,2.091555205960501151e+00
2.247909991737745194e+00,1.102486714038645621e+00,1.782354455307449292e+00
1.018771769182902576e+00,1.450069225472308210e+00,2.022543448864145166e+00
6.907415160579473135e-01,1.874365732541233287e-01,4.780388822343475404e-05
-1.339097542415834952e-01,-7.667338914892398716e-01,-6.426146631524716213e-01
-3.259215655356569319e-01,-1.336609872690709855e+00,-8.930152117703720194e-01
-6.608793426103374280e-01,-1.224605529647395219e+00,-9.577304983804588723e-01
-7.897542926883427405e-01,-1.044053572267598096e+00,-1.170647492912973098e+00
