9.343942112714783477e+00,3.449597232288670323e+00,-5.311560228866794020e+00
1.417998794226834169e+00,-4.391773184410096675e+00,8.096145454989861490e-01
-3.468071873585832354e-01,-3.284990546504952924e+00,1.488687979857725718e+00
5.560890622609243605e-01,-3.374413227251277902e+00,1.425365446931588176e+00
2.546667969760884720e+00,-3.001326041180392146e+00,1.762640017110508550e+00
2.625088752709498152e+00,-2.561062707158948015e+00,1.724170501536431033e+00
4.767898452673633436e+00,-8.445502739405126302e-01,3.396223170786193957e-01
6.734858810723105549e+00,-3.482328280006629306e+00,9.304213259088182086e-01
3.229763745757157078e+00,-7.632845479109608977e-01,2.180569901111700570e+00
6.719716030694979914e+00,6.936915754253086819e-01,5.769982613569061281e-01
4.570259082535705453e+00,6.430681349178667183e+00,-1.814208923485571168e+00
5.871468924524028132e+00,5.182842283076867673e+00,-2.741103423506845438e+00
5.807953299395467894e+00,2.810215531649310705e+00,-3.273559575883337125e+00
5.467325430521743357e+00,5.947853623464249395e+00,-1.068292881996454557e+00
5.729708657755361756e+00,6.273827376336147843e+00,-5.004218049550627212e-01
3.884167467552663400e+00,6.673751493101706345e+00,-6.656536118007648772e-01
4.432141567678884009e+00,5.736345735723998196e+00,-8.530517412449474257e-01
8.052573116492366623e+00,7.390368192611910914e+00,-1.150991410080514532e+00
1.000450393546857342e+01,6.439435393197936008e+00,-2.433973562669048546e-02
8.866675874147626146e+00,4.614213715190540022e+00,-1.754209246549243151e+00
8.367630605648420428e+00,5.303147882493001397e+00,-7.320654691631440780e-01
9.718959489213805369e+00,6.271009982945598971e+00,-1.536431530056289740e-01
6.430678313403527468e+00,5.652189625419418384e+00,-7.112623566183460255e-01
3.525302531451188770e+00,2.893610607675787705e+00,7.251128045766341845e-02
3.805160408033382957e+00,2.571344819789760372e+00,-1.134521892122862807e+00
8.089812870239716958e+00,3.621646773294932231e+00,2.127479541455393475e-01
7.876533981498471171e+00,3.328248678272989647e+00,-1.801337178487611768e+00
7.256074825561282360e+00,4.133547379735031946e+00,-9.376781465608704513e-01
6.427406651613360111e+00,4.703138440407901300e+00,-1.790426948600709389e+00
6.470849979721441159e+00,4.758236123773218473e+00,-1.467398164794744497e+00
3.687333082565344089e+00,3.338127298005336918e+00,-7.939304614047812958e-01
7.785437997296032364e+00,2.473036402123596211e+00,-7.130968709077479817e-01
1.019945265153544511e+01,5.224522281025788750e+00,-1.456156642114426081e+00
8.992774520233675517e+00,5.526749078883203659e+00,-1.151177223653715886e+00
8.350301091788535857e+00,5.242868387662632301e+00,-6.160180681084923560e-01
7.608302948214355155e+00,5.533012178808032644e+00,-4.872335120025903521e-01
7.037011828174293271e+00,4.054108689998561665e+00,-8.743929195780418828e-01
8.515658799942544377e+00,4.046867157762257250e+00,-1.754212737237356157e-01
9.463096331350355328e+00,3.795509412349904022e+00,4.518992038532136934e-01
8.533058958612613765e+00,4.217872302593291600e+00,-4.665414949217565610e-01
9.351979553739514728e+00,4.547066533835107727e+00,3.868776269879303231e-01
1.002539126491176269e+01,2.960266469511455334e+00,3.896167837380408172e-01
9.233790065410897085e+00,1.157963613988839180e+00,5.637610890030649857e-01
5.810716396811820950e+00,2.400975698282951321e+00,-1.398540848336846665e+00
7.533649960968401338e+00,1.182173080606005122e+00,-1.672517578694546092e+00
8.747950148437810824e+00,-2.472161830949549666e-01,-1.298347662368442235e+00
8.881668917924542939e+00,2.108159084605201554e-04,-1.842628736468146622e+00
3.241565297281555402e+00,1.724284558251929944e+00,-2.159699060808861482e-01
9.736569432893625586e-02,2.463855690107118468e-01,1.033186424556764571e+00
-7.878020974110919727e-01,-8.370237051475543089e-01,4.933026354317743833e-01
1.152006409212879445e+00,6.761332729754432336e-01,-6.502635533570541582e-02
-9.453818842823827340e-02,-4.627940348038474538e-01,-3.114663149177647750e-01
5.972961542787074141e-01,5.886185864384115840e-01,8.207499124926107559e-01
1.509516595353003199e+00,1.053573580458876835e+00,4.084450835082152897e-01
9.350191505843519213e-01,1.439960625538335037e+00,1.268008830784717045e+00
1.824738565851007577e+00,1.824861608575430783e+00,2.439416511683854871e+00
2.638073819101596218e+00,2.545730491925996652e+00,1.640910311799015364e+00
4.315575440840446753e+00,5.828817232551950056e+00,7.318924688972028303e-01
2.247496686458348325e+00,1.264292886662009341e+00,-5.064530285252691888e-01
3.478028820698568779e+00,1.316109081349224885e+00,4.176839319479569435e-02
3.090837547766495774e+00,1.484296568451133336e+00,7.677365234774037317e-01
3.185503921370999247e+00,2.512589889062096127e+00,1.332816739780257720e+00
2.399680179769312804e+00,1.112596768174978434e+00,9.098226908525294809e-02
1.191525504785309719e+00,8.912206505645589028e-01,5.438390328624043146e-01
1.330237247811829393e+00,1.351332745036163629e+00,1.059062912582955374e+00
3.165211588868353854e+00,2.482292924163786163e-01,1.547077518329241119e+00
2.744493693525423605e+00,2.705470889165826787e+00,1.512808219691524014e+00
4.937349362045932999e+00,3.878577479528592331e+00,4.936364227892446888e-01
2.934539870589528476e+00,3.039593710079977029e+00,1.147769047025801736e+00
8.747887301796767545e+00,2.590276438352705490e+00,1.041168883237951537e+00
7.227874111103962385e+00,1.195547389258576620e+00,1.447639695468619925e+00
8.395848098232278289e+00,7.923035368606489826e+00,-4.174949928714744019e+00
5.880451905328470730e+00,7.015812583568951766e+00,-2.321362769422882000e+00
1.027839867183942779e+01,3.398751631437596288e+00,-4.257621646445401531e+00
5.896569332274853359e+00,3.172162898204463399e+00,-2.850936912380231281e+00
6.765322031691474614e+00,3.663811800932781804e+00,-2.259935155883460389e+00
6.556805856012488221e+00,4.239959150521982245e+00,-3.687170188099092361e+00
6.332947554035960991e+00,4.093336221697011723e+00,-3.655499974544020869e+00
6.876847575088317122e+00,4.696029024635880234e+00,-2.442992850319385401e+00
1.170751457467999934e+01,4.108670390478334156e+00,-3.977522760463535700e+00
9.005472140825268923e+00,3.427995022288191418e+00,-5.305012908099890900e+00
7.683410487156527857e+00,3.160096903041703875e+00,-4.566930057300420565e+00
7.003702468095641898e+00,3.784520044338091083e+00,-6.122239184447016314e+00
4.821247583816377080e+00,8.650242829008283341e-01,-2.756159743587655253e+00
4.540880318322077613e+00,-5.873113028131241725e-02,-2.584561832735270848e+00
6.220074408455126935e+00,-1.208656769136016385e+00,-3.505400436213215176e+00
8.901283116332663781e+00,5.124035276345874301e+00,-3.573274436928651543e+00
7.295513659723085631e+00,5.963764586562549042e+00,-2.513249017841931554e+00
6.354092706489501197e+00,5.664484642545946969e+00,-2.538379076918812149e+00
9.543919273663895808e+00,7.318709662954971940e+00,-4.001400961157711933e+00
8.366781117122071620e+00,7.232380479456065103e+00,-4.066721861960500561e+00
9.173410239685342304e+00,6.559900586943543388e+00,-3.863241655996272339e+00
9.173410239685342304e+00,6.559900586943543388e+00,-3.863241655996272339e+00
8.048134704448694166e+00,7.084623125421408041e+00,-4.781784815607460715e+00
8.311701398169180521e+00,7.174121555820602403e+00,-4.612413531638496877e+00
8.265982692286826250e+00,7.209623496365156647e+00,-4.913899562639016949e+00
7.166115327335820240e+00,8.030761335528636025e+00,-3.711402257958550610e+00
6.759960984516303562e+00,7.587681915011739164e+00,-2.385841094577112909e+00
6.759960984516303562e+00,7.587681915011739164e+00,-2.385841094577112909e+00
7.888615552576964340e+00,6.728374616349233506e+00,-2.645435667188563933e+00
7.744449417152186932e+00,6.836072753488393161e+00,-2.440793301603854992e+00
6.443738063670632066e+00,6.877091048728660283e+00,-1.952491389781179310e+00
1.055385847478198258e+01,8.583128809125661007e+00,-2.767998788071298844e+00
1.040209165916982315e+01,8.601290610342864795e+00,-2.577810089269898519e+00
8.540506511355790309e+00,8.398753792356938419e+00,-2.191621569900846112e+00
8.476973482052063247e+00,7.140726692724942204e+00,-1.709929259821675096e+00
9.652418398607700567e+00,6.086508198484063215e+00,-1.505053480737317706e+00
7.633172784847442216e+00,5.707102623569798361e+00,-1.055304824036417566e+00
8.188554464296576185e+00,5.519486495896662959e+00,-1.361553271720598479e+00
1.264156271378905849e+01,4.013466076770115798e+00,-2.618859985226524412e+00
8.813485212370620658e+00,7.648876351593735023e+00,7.625102898623534742e-01
9.926600999406714365e+00,7.658466467792508503e+00,-2.000723644089368758e+00
1.017276880781666115e+01,7.234964298704161578e+00,-2.746684827547957841e+00
9.676195134440964907e+00,7.546293548528925754e+00,-2.958707633154995076e+00
7.441546182304024981e+00,8.827131557108113924e+00,-1.288056082689473136e+00
4.339156996255486121e+00,5.441315264377108996e+00,9.075569118814241776e-01
5.260171062278979015e+00,3.036152520499068697e+00,-4.322159562163929714e-01
5.961441487291404329e+00,6.783972665176609240e+00,-9.036399274239954593e-01
4.800177834840165580e+00,6.054893930478495001e+00,-1.750319720987928152e-01
5.664351275082806225e+00,2.340763805346938842e+00,-1.348819814667182149e+00
4.473458835057574134e+00,2.642432980472808168e+00,9.807522852355960996e-01
3.026617196486149908e+00,3.553232685168636884e+00,1.081499159233926699e+00
5.586272494178818881e+00,4.084306390107317775e+00,8.547858537756182207e-01
6.610242849512225405e+00,3.153358716410404217e+00,7.495665223121772414e-01
5.904818871900568311e+00,2.032344411903770354e+00,9.426572804206601042e-01
3.167150471181020333e+00,1.953060394488434159e+00,1.411676976943299966e+00
3.437666639694233695e+00,3.020133203459863136e+00,1.320346785691975278e+00
3.073310310233067000e+00,1.356091876070769864e+00,1.945931654005847111e+00
2.769636580928615199e+00,2.228680177754587710e+00,9.555902297748206653e-01
4.447670244461114919e+00,4.403012376082911850e+00,3.941844254119419855e+00
3.883253807078257402e+00,3.669000298178523245e+00,3.843393755151164548e+00
4.213141186629529855e+00,4.196355688161336417e+00,4.219740404281943746e+00
4.328057864768495300e+00,4.209456762115901363e+00,3.783235293983616465e+00
5.067525000473868779e+00,5.038606480732008563e+00,3.637952571203248997e+00
4.076906648152402113e+00,4.982541386505974224e+00,3.350959153553592085e+00
3.818151031044382915e+00,4.242327949037687951e+00,3.001401306970837624e+00
2.985968547716767230e+00,5.235561227376591020e+00,1.924321954840791715e+00
3.726052727295311229e+00,5.516349713795380083e+00,2.400633760731225586e+00
4.019854504309187782e+00,2.351345309634110148e+00,-6.084503476818735601e-01
5.749894048377739431e+00,6.030653506209960213e+00,1.633437041428754455e+00
6.161580793144444179e+00,4.976683209737561064e+00,-7.040316313589367603e-01
8.977833931076588669e+00,1.708209888688006606e+00,-9.097291916209975238e-01
7.951694765507554052e+00,6.426442314339019468e+00,-1.778442262578466548e-01
7.644722060745532843e+00,4.581843735500522818e+00,7.475162115134796892e-01
4.456660016063189289e+00,3.796726223803171596e+00,-1.025319401958354915e+00
6.520617806924294158e+00,4.312481356753704809e+00,-5.266453551103068564e-01
4.602699524996851643e+00,2.520352289455482175e+00,-1.922743963357648189e+00
2.042797220501050948e+00,5.672400034026588989e-01,-4.339762366841349306e-01
5.188816503261478807e+00,1.842402146525608631e+00,-2.597625616564629869e+00
5.903519098697598722e+00,1.574160058434962428e+00,-1.252411134010047000e+00
6.535177291872115823e+00,9.316313374374898260e-01,-2.389861688442830978e+00
4.618006358270673850e+00,2.587056024826815293e+00,1.242246847561294221e+00
2.872099650254904990e+00,1.587572904165483578e+00,1.924395783161736873e+00
2.611108383199933769e+00,2.225642780944054433e+00,2.540155897508048710e+00
1.884943235325519550e+00,1.771401835599940133e+00,2.016231543016477890e+00
3.026571831302542481e+00,1.436887836937796648e+00,3.246330252851436615e+00
2.669688790202877637e+00,9.759246497145654953e-01,3.209288014138396150e+00
6.731248045583419604e+00,7.683109739283073836e-01,5.747682342838076330e-01
5.369144160587578263e+00,1.318462415832175605e+00,8.715524482934464690e-01
4.886744717396213744e+00,3.552621310794946141e-01,1.134980870610895698e+00
3.802234707219849241e+00,1.433303628557961007e+00,2.241254516844485067e+00
2.608748476980844999e-01,1.677741690909492767e-01,3.851731407933375317e-01
2.568461834565353819e+00,7.207329059038944941e-01,6.203956030506739827e-01
1.916845537016563794e+00,1.939668655232350991e+00,1.538706115294161902e+00
3.101662817993736887e+00,7.377795286079729120e-01,1.721924171408480309e+00
2.728556032741935589e+00,3.175683891604875519e+00,2.543752117276503188e-01
4.268452046825495394e+00,2.949920056363281695e+00,1.386940045502162988e-01
4.495233006657818997e+00,3.205301326022855779e+00,6.401186836932194479e-01
8.273617410008823114e+00,8.199566351369051709e-02,-2.503363071479784430e-01
5.721978405978059179e+00,8.212983976135436182e-01,5.870618838949074325e-01
6.133398819546115099e+00,8.415922995426041719e-01,1.469869817387685906e-01
9.276530976550040108e+00,-9.590399092415013982e-01,8.765085699625964066e-01
8.975066967256664086e+00,-4.975047585104107328e-02,7.244464175076303913e-01
9.385850852344846729e+00,5.097197944172354722e-02,1.177797245550602723e+00
2.267398783531988649e+00,5.891952067572112650e-01,4.392716951403128345e-01
2.768282283285255385e+00,1.090070935580730538e+00,7.357715862075037139e-01
2.097649286941325908e+00,6.047088803804442358e-01,9.889909321154350952e-01
1.378719078446021928e+00,1.626732734249074275e+00,8.015206912183697741e-01
2.155630622760315696e+00,1.716750126768092910e+00,1.818705112628476561e+00
1.932954869212644367e+00,2.209081685245338988e+00,2.033281378517496574e+00
1.521016610893399346e+00,1.367314433626376280e+00,1.189531127187297477e+00
1.427022185717556901e+00,1.947115060504767570e+00,1.471304789034361127e+00
3.283500078164399039e+00,-2.866077824691279363e-01,4.646035132953940106e-01
2.570956462889991467e+00,-8.729490362359942912e-01,4.587862324791401880e-01
3.093874171734968037e+00,-2.999716309731879971e+00,-6.511190210187753902e-01
-5.398487581081219400e-01,-9.663921451841828159e-02,1.110151971367610707e-01
-2.742911022058568404e-01,-2.094719997673660516e-01,3.146476304419522640e-01
-6.739324677804137131e-02,-8.330497292807358400e-01,-2.065913903544558672e-01
2.228500098173543442e+00,3.837460882105009352e-01,7.716599947845789176e-01
1.986832109197266716e+00,2.056613526775073364e+00,2.130144875748057220e+00
1.779637669849613468e+00,1.962770564236833160e+00,1.731260013301895828e+00
2.553743159341617552e+00,2.623862845549624456e+00,2.467971710411811070e+00
2.859109172510282182e+00,2.815197253213847617e+00,2.839308156718585163e+00
2.496043740478679052e+00,2.299631256387892453e+00,2.159980760969338220e+00
2.605335226169021023e+00,2.469331136856394160e+00,2.889598264072525513e+00
2.388731738668978810e+00,2.413702057321301275e+00,2.722673416435960725e+00
2.318829599693633892e+00,2.295604435518246778e+00,1.917884537213063290e+00
9.160435252063700018e-01,1.662404149278597476e+00,1.059433110008239254e+00
1.679255451298649726e+00,9.699667324239221733e-01,7.979894101109886728e-01
1.986136330802577232e+00,9.114410853033770854e-01,1.248140468437188844e+00
5.634048828639411921e-01,1.644684904593109787e+00,1.206846937425782640e+00
3.750706779178000883e+00,4.666631327286111741e+00,3.996942618877745712e+00
3.962531696749520549e+00,4.279821245593480761e+00,3.097427693026731266e+00
3.904213655557696061e+00,4.312603483305214702e+00,3.139944659961964479e+00
2.582714478964480698e+00,2.738968457397050749e+00,2.695644303119486995e+00
3.678437503830141342e+00,3.467865446113664873e+00,2.715931686311347182e+00
4.154585899053569342e+00,2.924161551458995145e+00,3.918449287122204971e+00
3.305588538613290162e+00,3.348430896734127415e+00,3.664650035847488940e+00
3.931016108565388745e+00,2.036227891719985639e+00,3.314502485671352972e+00
3.535625840635594930e+00,5.814428537271517428e+00,2.076805537069211560e+00
4.159279203807177083e+00,1.465322337975425215e+00,1.330763149553671365e+00
4.421646368556361395e+00,1.362175461681041089e+00,1.273226937601024567e+00
1.876437812483156886e+00,1.850456105822525954e+00,1.757228267432677571e+00
6.173152774033854762e+00,6.368573107905795005e-01,1.015963102926518369e+00
4.360585071707948401e+00,1.274112960207403056e+00,6.661969561396674511e-02
3.482581027956128672e+00,8.044343714523440880e-01,8.678899350581220640e-01
2.627885673705669944e+00,1.589587310983439528e+00,8.195847661472652756e-01
6.460941483457216528e-01,3.357048931012704074e+00,3.399536713042052294e-01
4.979671894941954058e+00,6.715950875303356327e+00,-5.320057643007713999e-01
5.306756848389238002e+00,7.030362617574184014e+00,-1.750021554525421630e-01
4.822420819905665290e+00,7.583171475181554655e+00,-1.411056159533877752e+00
4.338173737010288633e+00,7.060310097151684339e+00,-8.466473130367481170e-01
8.505585226636465990e+00,5.348443503794624299e+00,-6.650695940846483856e-01
7.408426541863611270e+00,5.993275687094327786e+00,-7.733675137810535061e-01
8.410517735781263937e+00,4.063977503031831695e+00,-5.136677211844752344e-01
6.682868726986065155e+00,-1.026840962298226634e+00,-1.519422182109906760e+00
3.843147212765406273e+00,6.392015746347226024e-01,-2.311400226258581991e+00
4.384530678596687991e+00,2.332504303751848695e+00,-2.378738289260236005e+00
2.849533272406123086e+00,2.430486550246238497e+00,-1.136102011389057198e+00
1.894996622411434739e+00,5.386455625247798196e+00,-2.692619639617518157e+00
2.397708120346166094e+00,6.790556073871034215e+00,-3.954060836012546432e+00
3.420463163421019637e+00,5.900934596529102905e+00,-3.226637737326211397e+00
5.835744475112362828e+00,5.649166435532543495e+00,-1.550217019431976428e+00
4.522644045750461861e-01,4.422190923228105142e+00,-1.055101484571627335e+00
2.491755544076287521e+00,2.866840147284333451e+00,-1.113053654762776512e+00
-7.398792463903706151e-01,1.411313824912407089e+00,-6.515238305656479989e-01
9.306257914897230199e-01,-1.448479902383761619e-01,5.544866857032890728e-01
4.794498262241654096e+00,1.351236882323188171e+00,2.966924146079373270e-01
5.850542415653652739e+00,1.030043947617124811e+00,-1.562573747878290287e-01
5.595520792750683370e+00,1.272980774537320281e+00,-2.024065786002525069e+00
5.556146475603373602e+00,1.534943173990249043e+00,-1.251534955871332455e+00
5.206066106157792639e+00,3.113265502705600429e+00,-3.467629678188068887e+00
5.779013784768320505e+00,3.118654722507434141e+00,-2.529442219912791945e+00
2.324385601412916280e+00,6.184762613142097187e+00,-1.705195679116968233e+00
5.020058279885402097e-01,5.870699398026412830e+00,-1.605870065633736576e+00
7.145357406958041224e+00,1.678227336531949332e+00,-1.466912263051949550e+00
3.064333050475902098e+00,-9.025965931968393807e-01,-2.593463123840370477e-01
3.725374983947396412e+00,2.342713119357618723e+00,-9.238647690093374498e-01
2.227184546614160876e+00,9.688809969805254330e-01,-1.792455104376877717e+00
4.626409291752786146e+00,1.099419013217739272e+00,-1.944041041131269854e+00
4.996971478114163645e+00,1.850820477887910043e+00,-9.054350206465113793e-01
2.627428554784908332e+00,2.764557745456503124e+00,-1.250299800957160867e+00
6.824882774624088100e+00,1.015437435597484450e+00,-2.881872706461919176e+00
6.682583485024290226e+00,7.165251412921469498e-01,-1.979369660243027962e+00
5.720652901104308796e+00,3.966875996389978565e-01,-3.363181038131623612e+00
1.054938015609203639e+01,4.865251108039588601e+00,-4.845029833027763577e-01
1.071450143636183938e+01,4.938085440887211242e+00,-6.564852169614046051e-01
1.075726352707457067e+01,3.977938770047078965e+00,3.988704043088572848e-01
9.080994381735024490e+00,3.424049157540202337e+00,-1.133022771461716038e+00
5.807923760379927636e+00,3.638884257631602726e+00,-9.715518127371285395e-01
6.530937006823645419e+00,2.207374527007740728e+00,-9.440649668304074149e-01
7.062119973898933090e+00,2.387296900277713796e+00,-6.775276756224397623e-01
7.415357876411954763e+00,3.584559774040008140e+00,1.602707397382618471e+00
3.339551904600195353e+00,2.479670690576570191e+00,-6.846267736676704407e-01
3.850331364741421680e+00,1.882667860458151043e+00,9.875005718848366143e-02
2.924616065320457370e+00,1.887639592899109431e+00,2.279551862448185418e+00
3.139409345320099298e+00,2.225462484058310597e+00,6.666150117391776986e-01
1.670309487343874411e+00,2.086677617358038361e+00,2.024187741599160706e+00
2.443374900619523782e+00,9.973320111666131860e-01,1.986933107763401374e+00
2.059787977106561918e+00,3.668658666909464294e+00,2.466390770723083214e+00
4.790536423335093552e+00,4.227924483137820211e+00,3.086960409609929012e+00
5.003318979201694106e+00,3.167619493690947419e+00,2.523722927864922028e+00
3.227351582479414560e+00,2.776526497753596612e+00,2.772065599075053122e+00
3.232998153978138056e+00,2.166995239405480334e+00,3.672351311649471484e+00
2.301420549668719229e+00,1.945865663911529264e+00,2.666420261441709183e+00
2.245797807349082742e+00,-1.568057150979963232e+00,2.709435444928059322e+00
1.939854399183591704e+00,-1.715998030428667720e+00,-8.427542674808967682e-01
2.282208731415530156e+00,-1.079503226081203193e+00,-7.976952853735621574e-01
1.868872961524803644e+00,1.068259634026643035e+00,3.012934448171861734e-01
5.005270195756458484e+00,1.303965934076400046e+00,-1.247562376373986703e+00
5.636839752348031141e+00,5.674720720729578893e+00,9.891455285150317911e-01
3.371438947958497412e+00,5.121753396800735381e+00,1.829632984574669774e-01
4.758722807611559524e+00,3.947837561895811920e+00,1.125252975433634478e-01
5.933602191390305869e+00,4.854360748224695321e+00,-8.730886087274087881e-01
4.741717758765883417e+00,4.673555322817583679e+00,-3.939780354824874986e-01
5.414357587760791901e+00,4.585164347297831178e+00,-2.546745544884039258e-01
2.725957758981484513e+00,4.487179686142106050e+00,-5.800554696842887825e-01
1.433327027536541953e+00,2.144068679713861503e+00,1.009088265772411841e+00
1.470127714594514856e+00,2.197017867354366771e+00,1.064247973707229455e+00
1.562824046251998222e+00,1.954588625371202815e+00,6.317931927947488813e-01
2.331985061657381397e+00,2.079295470926427303e+00,5.559437255051986014e-03
2.391843050335283660e+00,1.771754575975793777e+00,5.013872393012857032e-01
3.461162246794046382e+00,2.107729714294227286e+00,2.089593604798476167e-01
1.269610544288726439e+00,6.335656519544287102e-01,8.939116705376075611e-01
2.570421208554621195e+00,3.296502570188180936e+00,-6.211941933734655974e-01
3.267356902767235560e+00,1.642656747142443141e+00,-4.182597708519468771e-01
4.285859396969939006e+00,8.813442169139746873e-01,-1.054117200656751852e+00
7.616902461732347085e+00,4.488383729776332487e+00,-2.226753301627164283e-01
8.405888111371885074e+00,4.806466874329363037e+00,-3.002483377171722423e-01
5.824194998906307319e+00,5.913176197997052519e+00,-1.725902609629440088e+00
7.960669968742045022e+00,6.866720947670650332e+00,-5.507252079096587316e-01
6.730281669765355801e+00,6.567856064849144637e+00,-1.513550930917436865e+00
7.756561231175846949e+00,5.506163782879294644e+00,-2.189125181834695066e+00
7.756561231175846949e+00,5.506163782879294644e+00,-2.189125181834695066e+00
7.756561231175846949e+00,5.506163782879294644e+00,-2.189125181834695066e+00
7.854561036037889465e+00,5.521011584138658890e+00,-2.250279452470484554e+00
7.815667581494165184e+00,5.371703330640642093e+00,-2.351710678039218294e+00
7.815667581494165184e+00,5.371703330640642093e+00,-2.351710678039218294e+00
7.815667581494165184e+00,5.371703330640642093e+00,-2.351710678039218294e+00
7.563296235699071168e+00,5.476501063692277071e+00,-3.409880991344189205e+00
6.278857195053782370e+00,6.821321919616309515e+00,-3.624542861295531271e+00
9.841444752426365739e+00,6.669214237704012227e+00,-4.634062750662764962e+00
8.815694489481536777e+00,6.468787827840101201e+00,-4.640864296316857818e+00
8.496594801668614139e+00,4.306142346185177772e+00,-4.492620113280794136e+00
8.440366774318855292e+00,4.393183865906131302e+00,-4.507733151454104359e+00
8.440366774318855292e+00,4.393183865906131302e+00,-4.507733151454104359e+00
8.080866869216450254e+00,3.954060310168385772e+00,-4.218445481844995903e+00
1.056053078367055775e+01,4.363221981367251701e+00,-4.745430781132935039e+00
1.080620901478895313e+01,5.669954603265580317e+00,-4.159541680318977974e+00
-2.684903307875379230e+00,-1.453160431509715078e+00,-3.468168245955570050e+00
-2.226794938874684604e+00,-1.861560426530164680e-01,-4.644696841911025942e+00
-1.510034686811708937e+00,-1.962051763352225420e+00,-3.485846208771204768e+00
2.146543581560302449e+00,7.747399613868146684e-01,-7.372250080866902699e+00
7.504747606850289188e+00,-5.911406590114546056e+00,-3.207255678711369851e-01
5.702022514253395791e+00,-5.081108150925945921e-01,1.131894429998782536e+00
5.248980483976342981e+00,-1.048552138111307069e-01,-3.211838954788860945e-01
4.093932148381304259e+00,7.279059199384437795e-01,-5.323882090197747941e-01
5.339226415279504145e+00,1.413364842362199614e+00,2.716829995820368993e-01
5.474887333950019475e+00,1.119431830442484621e+00,6.622145050236105668e-01
5.754940306765674585e+00,4.799254522567190651e-01,-3.211638752583461515e-02
8.355369896248383554e+00,3.835297963825011092e+00,2.162876802290698286e-01
6.402082355889000986e+00,2.559352423403999488e+00,-2.214310298902652629e+00
1.048792010751624382e+01,4.645912042529594999e+00,3.788502125820240596e-01
1.010633393174138206e+01,4.191332659731815902e+00,-1.040357655884786237e+00
8.398843184012335428e+00,4.032622310074890137e+00,-8.086403113926745601e-01
5.280267322038089794e+00,3.190617475897664868e+00,-4.480785750420408498e-01
4.330194353427565979e+00,1.998198368358182542e+00,-2.648003653318968809e-01
5.185179164349047909e+00,2.247514325091306997e+00,-8.631292196601383915e-02
2.819839934754885036e+00,3.256292968486591111e+00,3.963617522917834979e-01
4.093434465942068279e+00,3.276590126988891072e+00,1.107859363058235624e+00
6.393276835631542809e+00,2.660564757048118789e+00,1.309345047231127213e+00
6.306846012977142202e+00,2.533105599002008379e+00,1.267578670966803767e+00
5.046185183631494375e+00,3.045203896877785255e+00,2.580497542778959374e+00
4.337872260462934726e+00,3.885386634806694772e+00,2.208908870859815632e-01
9.890983537944025628e+00,7.381917920977966396e+00,-6.555686344264916032e-01
5.505232411246022473e+00,5.920292567044766585e+00,5.337952542373151921e-02
6.391858351965205465e+00,5.481638063020054297e+00,-7.025628902173337575e-01
7.781626060848018334e+00,5.441693343203400701e+00,2.680711778290923997e-01
6.709372002479660146e+00,5.823364605795442905e+00,-7.597221296268972246e-01
7.665736611954819146e+00,7.237944393373828333e+00,-5.173929632253965183e-01
7.614507253254070740e+00,7.072702823755997237e+00,-3.302029529470694724e-01
8.874351406017106925e+00,9.544820350199316294e+00,-9.550116303048978850e-01
4.337529560226423442e+00,8.362593291213507030e+00,5.287396006838865903e-01
1.317703761919507555e+00,7.225603075277166276e+00,-1.062000235061521414e+00
2.407266064487449952e+00,1.420079450231217955e+00,-3.492475241606028402e-01
1.039465579800446404e+00,1.802749138074903890e+00,1.410435462643752746e+00
1.216014118187676241e+00,1.852928975469009476e+00,1.676545047603014593e+00
2.313177634902939594e+00,1.069505717645642839e+00,-2.853237915175538264e-01
5.651043599086557734e+00,2.497482011918990441e+00,6.436945083336581552e-01
6.145816266675649508e+00,-6.175429060044533569e-02,-2.450622021604140333e+00
9.692794381157368022e+00,-3.439504099707458185e+00,-1.658783635248677335e+00
9.659830242624598995e+00,-2.168794921021730104e+00,-2.103207380808755911e+00
7.787086057183064902e+00,-1.399741325295850602e+00,-2.902887946806906871e+00
6.395498517733948063e+00,-7.980274461094051253e-01,-5.113930336751697503e-01
7.673385908118913967e+00,-1.558595105971472883e+00,-1.117304602602563479e+00
5.846140359161983824e+00,5.637204865237086082e+00,-2.183375012194197495e+00
5.948771067832569592e+00,4.719073924549848975e+00,-2.610164567611922060e+00
8.727861221499189526e+00,4.552215184118512781e+00,-1.554550036430718984e+00
6.944788570542581141e+00,5.187160203907289713e+00,-2.093700362124438996e+00
8.543902407040585345e+00,5.643449147752667372e+00,-3.708276602577752712e+00
7.405495078425768263e+00,6.182160057541545406e+00,-2.348112244252104741e+00
7.004642031882418074e+00,5.332862565426520263e+00,-3.919435838756708090e+00
6.239045660122375381e+00,6.966196554152753961e+00,-3.153539609851504277e+00
8.423795575367879707e+00,3.062980357395476805e+00,-4.776788499684492706e+00
5.848503521686510886e+00,3.664704635412338263e+00,-1.477992662808350843e+00
8.376781307655612352e+00,3.093134377636655774e+00,-2.340564098517878833e+00
8.854612151418663757e+00,2.544981911402852237e+00,9.293341709935707406e-01
8.020991637021165133e+00,3.031392597389210852e+00,1.197241924913576616e+00
6.784121888051751093e+00,2.668736046846058141e+00,2.018860423136775051e+00
6.233758301657906564e+00,2.625966435329595061e+00,1.796760552852920911e+00
7.167377822720879088e+00,3.016877962933627089e+00,2.189342470184345579e+00
5.493849229013085811e-01,2.902570999424977316e+00,-1.965735754887351083e+00
3.130811516188450327e-01,2.461143571287041976e+00,-2.029047685027165038e+00
-5.627853506721615107e-01,1.603322829144391504e+00,-1.795401373652979027e+00
-1.306526110510694005e+00,1.784924018461469530e-01,-1.451354565967220234e+00
5.405666828477311281e-01,-1.518851031992427769e+00,1.223120417791668801e+00
3.995432493535128415e+00,-2.871113653148948064e+00,1.992066715769739982e-01
3.854680425072951611e+00,6.217849586855497268e-01,2.570032354928637908e+00
3.506658780782202722e+00,-5.356882259014463799e-01,2.410710189603004316e+00
5.782644710113458153e+00,-8.563545674095657256e-01,9.432970439617791580e-01
5.423294595802425455e+00,3.065389828403821681e+00,2.348861352075012121e+00
5.185611202362175653e+00,4.353289109569054460e+00,2.230552077329216232e+00
5.525951621570916572e+00,3.393556081308313654e+00,1.912616194440203587e+00
5.896943822244270272e+00,3.603230442686121915e+00,2.309792245814129785e+00
4.973725685558325615e+00,3.472323918705173984e+00,3.010080393154165534e+00
4.539940766690778062e+00,2.728949282928665454e+00,-1.015787676095143199e+00
5.694365468778488371e+00,4.660840466853373165e+00,-6.520175401392052095e-01
9.264510410471286761e+00,6.822607237300159611e+00,-2.448438968788273495e+00
7.030703970449199147e+00,6.433601337824810251e+00,-2.151187931306677736e+00
7.317905644076806659e+00,9.631744181768670643e+00,-1.874670252750738619e+00
5.758237014884217686e+00,1.015358361622142169e+01,-2.159496287227087752e+00
6.467365005857902638e+00,8.323763570411804480e+00,-1.616103516708042864e+00
3.129359739331863288e+00,4.250734294437372718e+00,-1.674524301619134126e-01
3.612257479165588148e+00,4.587808075938076158e+00,1.740308161887130223e-01
3.431742848015792546e+00,2.269979451536600745e+00,-4.133218591607473735e-01
9.852164747111251675e-01,-8.675232618561097286e-01,-1.876464051155509738e+00
1.650529408130052778e+00,-6.514509036333965275e-01,-1.771735469596886547e+00
8.238386454403187065e-01,1.204620331052780324e+00,-6.150079732960831436e-01
1.890220256237773899e+00,1.382449506422743224e-01,1.094780883234530044e+00
2.072260330152103869e+00,1.591221335909834389e+00,2.244427382963353423e+00
3.581154119441570138e+00,9.101099620071333440e-01,5.768251232730070566e-01
4.172894899947501735e+00,-2.402805155254733815e+00,-3.326929900471579105e-01
2.620041071655108134e+00,-3.696537846912249403e+00,1.771307544716070603e-01
5.691153205857629516e+00,-3.382242005587830835e+00,4.830220503333915727e-01
3.592413758346213903e+00,-1.883749401912827803e+00,6.804352411795303590e-01
5.659532455030635845e+00,-2.511972686869918370e+00,-6.664654244773496883e-01
7.058222376708457979e+00,-3.349808468366218261e-01,2.106934561268827721e+00
4.829268145553712976e+00,1.301992854635533714e+00,1.933256667453858491e+00
4.646750159492603949e+00,2.344969357289800715e+00,7.920506266694734565e-01
5.034885880039868589e+00,2.362919022750177955e+00,4.639326463741714202e-01
4.693898290930753614e-01,9.210235936156192516e-01,4.614157628911595310e+00
3.787080986815490324e-01,6.756095121621467081e-01,4.718351743324110004e+00
7.748336513888496313e+00,-2.017343887198594921e+00,-2.352911327899201765e+00
6.948845533048228162e+00,8.296644130040227161e-01,-2.454730683842847760e+00
5.718127526507728042e+00,2.600644183166214152e+00,-3.229404523660995618e+00
4.915198484675304513e+00,2.429816055804637553e+00,-2.353370325901842808e+00
1.016759074000461638e+01,6.010831960152100972e-01,2.173338146703085005e+00
9.472292469808428095e+00,-4.641129382995431985e-01,2.656102805598865135e+00
9.456644796754089199e+00,-2.314994883875503451e+00,4.026984431933574804e+00
7.239219589640868868e+00,1.210831345487595634e+00,3.632995079360879842e+00
8.125933357654382405e+00,3.715982904763558414e-01,3.757169012552588505e+00
2.675871728757905910e+00,4.408631864996401362e+00,3.066378051612904443e+00
5.146191914121680533e+00,5.460486729066036382e-01,1.539013172900950188e+00
3.791376683361360911e+00,4.055098898190976797e+00,-7.176112766374824758e-01
4.771597768184434152e+00,4.210709311240554698e+00,-3.229069281738111141e-01
1.686703724255444126e+00,2.167630160857224375e+00,5.196265420013392866e-01
1.509529750659526881e+00,7.974469231659279123e-01,8.349830461204211796e-01
-1.262903163668493312e+00,1.335029137492195206e+00,5.453024346453687610e-01
1.980082808312081610e+00,-4.122685509488583921e-01,-1.257163515166546786e+00
-1.426619130896963794e+00,1.605179256255356179e+00,-7.072602101032655630e-01
-1.807548618533633134e+00,2.168891574522891386e+00,-1.082468348060848573e+00
5.998517349178954516e-01,1.427404197960318255e+00,-1.454581419356593353e+00
5.998517349178954516e-01,1.427404197960318255e+00,-1.454581419356593353e+00
-5.883204042666557720e-01,8.071450223862135509e-01,-1.614489409190162705e+00
2.317975602593328688e+00,3.689131341693118404e+00,-8.701865707413820594e-01
1.881735150425636993e+00,3.383823881877712658e+00,-1.030984561122412657e+00
1.121542210783444515e+00,2.247751690572171501e+00,-7.618916673515290228e-01
1.880448068909823522e+00,3.940070877843716346e+00,-3.309902082498638709e+00
2.419098989761193419e+00,3.842163913610047388e+00,-2.625070671936665878e+00
6.999050670851381106e+00,6.627750484091444072e+00,-1.729848521107795412e+00
8.832136174927212480e+00,6.088325955486243224e+00,-2.155033947893795432e+00
8.659353642038482235e+00,6.769378953393721865e+00,-2.159696830625682740e+00
1.033738759729346945e+01,6.207522797413903781e+00,-2.975621285946630223e+00
1.047385601091358609e+01,6.485025875319744060e+00,-2.961231097088149244e+00
1.031107337700397686e+01,5.169932589538067447e+00,-3.384859116774273868e+00
9.794891491752284907e+00,5.234004214771197816e+00,-2.520043318260762000e+00
9.329604051871509540e+00,5.177948612457413446e+00,-2.774017819963686460e+00
1.152974274353251083e+01,5.611701304751560038e+00,-2.011910209674861783e+00
1.207587744665681306e+01,2.651036930569717676e+00,-4.215274020072528049e-01
1.154727012097417926e+01,2.492229518121143350e+00,-2.638066196330967061e-01
1.209933828396043687e+01,2.725767407742826443e+00,-2.090327396299377083e-01
1.288023083927559931e+01,3.492215003343412949e+00,-1.238839419514489587e-01
1.255863233121558586e+01,3.472476571724733674e+00,-1.618190459609714360e-01
1.182322407743054526e+01,3.339676448021679622e+00,-6.775997887698487210e-02
8.889953024875117293e+00,1.265223450739426436e+00,-2.516266662686434397e-01
9.296807091348044949e+00,2.602292319443106461e+00,6.924686125237713430e-01
1.042906360819671896e+01,3.304565648950948287e+00,1.482879446333713602e-01
1.005530334311007579e+01,2.905306603767018103e+00,2.696162655176893574e-01
1.038125566493065044e+01,2.666603531218187495e+00,1.360440136246606757e+00
9.650469748478107235e+00,1.684030370662935816e+00,-2.834413528111560110e-01
1.098398333056517195e+01,1.386306025243633933e+01,-9.289340302412096850e-01
8.678007510986082806e+00,1.300501219169496636e+01,-2.933982864065873386e+00
8.837518505188239004e+00,1.156735493483916422e+01,-2.900283467051518738e+00
1.229154081563687839e+01,1.205807829459595126e+01,-5.308858848357864701e-01
8.016459362097437591e+00,8.659153439714744493e+00,-3.186635223915224469e+00
4.186733591237157270e+00,1.040870177159168186e+01,-2.626858563870812180e+00
4.799460871472716050e+00,9.111779298265741289e+00,-2.418850582687642525e+00
4.902002365229175318e+00,8.135142134354287791e+00,-2.869744691671249459e+00
9.934372717446592560e+00,6.654000375075622919e+00,-1.553836517786073346e+00
1.013544809240916145e+01,4.193782019921592941e+00,-4.794910036247557183e-01
1.095306329734303219e+01,4.433267334076754551e+00,2.245785179240281648e-01
1.006282276526230213e+01,5.684175439704461041e+00,-1.382948178799413119e+00
9.118308439226593620e+00,3.689747450026840347e+00,2.370258135797131405e-01
8.685820971973644333e+00,3.628653948005394536e+00,1.261663812797838846e-01
7.968811023324810172e+00,5.303133540035358529e+00,4.894366585386654145e-01
7.968811023324810172e+00,5.303133540035358529e+00,4.894366585386654145e-01
7.968811023324810172e+00,5.303133540035358529e+00,4.894366585386654145e-01
7.968811023324810172e+00,5.303133540035358529e+00,4.894366585386654145e-01
7.842728591359474422e+00,5.369042733032023840e+00,5.617671072605794347e-01
7.842728591359474422e+00,5.369042733032023840e+00,5.617671072605794347e-01
7.842728591359474422e+00,5.369042733032023840e+00,5.617671072605794347e-01
8.138484128431771936e+00,5.241002559195409916e+00,5.903439017135940770e-01
8.893203465506834604e+00,6.023341462752959785e+00,-2.549578973445073005e-01
1.018988998307553473e+01,5.416306566296681169e+00,-1.155277141070348179e+00
1.036787574788317379e+01,5.608378628053126036e+00,1.769599872869144497e-01
6.477571482438225559e+00,3.636660186768207126e+00,1.465231684381968380e+00
6.231838588990679995e+00,-2.276976271119833140e+00,1.622881611068432761e+00
7.205558981349875936e+00,-4.808771958898525045e-01,1.206352974268088962e+00
7.994333761961622820e+00,-5.671536835260085896e-01,-1.914923857310796951e+00
7.782445540992522837e+00,-1.848783969500700231e+00,-1.766460026741376033e-01
4.337720217402062595e+00,-4.779473537141112338e+00,-3.485594345542884831e+00
4.470339000596409207e+00,-4.917380420989163170e+00,-3.097419910012048749e+00
4.200253897624120825e+00,-4.383751719222256149e+00,-3.180088205747920060e+00
3.184286249972299032e+00,-4.032804627291563193e+00,-4.055358822007121056e+00
2.200989069390926200e+00,-4.661566082523674659e+00,-1.234366928021929155e+00
9.363919023466225511e+00,-2.780257986918388990e+00,5.577075805552471621e-01
9.721844392904905874e+00,-2.120627563465270482e-01,1.646265038842296413e-01
9.515097433199269261e+00,-6.663753692780761684e-01,3.573502337344979241e-01
4.901819415233971355e+00,4.479173273508383346e+00,-4.095180862865933635e-01
4.792504429919708819e+00,4.852060656373048175e+00,8.661006050429909120e-01
4.602781056093965262e+00,4.936174227482835519e+00,9.258386149855301062e-01
4.899851624968786901e+00,3.401125223427714506e+00,1.691737301842178631e+00
5.136707827217553479e+00,4.770382133209346343e+00,1.310952560561798208e+00
2.567972934818441466e+00,3.609756457577388389e+00,1.629209328511644905e+00
3.528045327691447852e+00,2.078163857522079550e+00,2.097378236035799315e+00
4.928028119051793610e+00,2.786968601910512433e+00,1.913251243667384971e+00
2.658332436864347503e+00,3.925070109659425377e+00,1.421629600278083938e+00
4.087442846401883045e+00,4.004472751422796684e+00,1.223996413134052608e+00
2.157619544976096815e-01,3.342936971833023740e+00,4.220989220336830994e-01
2.138548534448070804e+00,2.370720177641963300e+00,2.009788576665366477e+00
2.111762292171209587e+00,6.489220627172062050e-01,2.264774628008431989e+00
1.629174306914740189e+00,-1.276013732950354473e+00,1.970745538484098169e+00
1.863572667059010701e+00,-7.682489164977260865e-01,2.004306130258208807e+00
3.394177376711698724e+00,1.386556553029690386e+00,1.520293555622777015e+00
1.304361967943781897e+00,2.829299282706736474e+00,1.017139359356138861e+00
4.005466991873805505e+00,-6.664370062940420947e-02,9.470624996161521869e-01
3.043998845059152636e+00,-1.462696412324565876e-01,1.614993465287258623e+00
1.127956996666574341e+00,5.266379907241053315e-01,1.749843905268306576e+00
1.055948655268577507e+00,4.118916774858237817e-01,1.911190630312636252e+00
2.356374831283750471e+00,4.378922075326811658e+00,-1.845831658272016007e+00
2.937296859552920303e+00,4.386645183812327708e+00,-1.778108854180891818e+00
3.607723352406792650e+00,5.465457795799596674e+00,2.506661239044813971e-01
2.604308076370726255e+00,6.303419321612217796e-02,-7.550917086674753254e-01
2.849929594223581386e+00,1.851372005909424634e-01,-4.715835240072310253e-01
4.805549712640952431e-01,1.317928188487803298e-01,-6.845323205527393817e-01
9.805530178087019877e+00,-3.406066930431023376e+00,-3.052607595481657277e-01
1.009976377492441024e+01,-2.663401583661229033e+00,-4.298618478265542886e-01
7.682859178291240987e+00,-4.259198106743143697e+00,-4.407284491248822378e-01
5.973650614677843862e+00,-5.502422314402303449e+00,8.840394899321784017e-01
6.553483015311448945e+00,-2.732114091403149203e+00,-1.118427099233756161e+00
5.358886359984813552e+00,-1.715560977361195796e-02,-9.222254852051089413e-01
3.330468728235471243e+00,2.221971974072838307e-01,-6.277824731821540771e-01
4.739254931640275004e+00,6.587931332261696138e-01,-1.031490389886297931e+00
4.874493392535636183e+00,3.725267656570327990e+00,-1.814682749385231331e+00
6.319444897676668838e+00,4.308628273045206569e+00,-2.367844380572614593e+00
3.644050830993649903e+00,4.584321356091898281e+00,-1.673724926650722811e+00
3.488823085011631964e+00,4.462596409743388115e+00,-6.029148073314962719e-01
8.371766550651434713e+00,6.223536210058261631e+00,-3.158956315434573892e+00
4.996809444542324563e+00,4.805343876585783658e-01,-2.275317977614341292e+00
7.670540582517746842e+00,2.174081434269200808e-01,-6.884507975826205772e+00
6.095523760236816635e+00,6.553548210991982925e-01,-5.626079113404699683e+00
7.488621795378119117e+00,8.646134874264642667e-01,-6.101553391591676423e+00
8.483431234155261791e+00,1.630032819720655501e+00,-5.258398693578760330e+00
7.229161823629806527e+00,2.672751976311810385e+00,-5.072195812325643871e+00
5.910411355748274254e+00,4.184229810365646784e+00,-4.867870879221269931e+00
6.055841305918356454e+00,2.733325321326963042e+00,-3.794425609534105348e+00
9.321204383873084254e+00,5.630762489188754216e+00,-5.586393779695038475e+00
7.714564531760105481e+00,6.128882222194472540e+00,-3.298728141772016009e+00
7.843746075118818162e+00,6.157577987759255578e+00,-4.515632228321154962e+00
8.127802432803301613e+00,9.959316337004665343e+00,-3.244663896110285162e+00
6.183041958038242747e+00,6.905532324066373739e+00,-1.532188422813710593e+00
4.964058346572912228e+00,8.110917871200587825e+00,-1.636906245824834238e+00
3.690642152688417887e+00,8.335931224590563460e+00,-1.909034238129887040e+00
8.397868123762563641e+00,7.782210179578523679e+00,2.217237675952438147e-01
1.232961887715362792e+01,4.665148051913602600e+00,-2.828180749924783521e-01
8.600043072292560709e+00,3.808368978003540573e+00,4.887493352347007103e-01
3.649262749040235843e+00,2.026537119732249703e+00,8.925065643975899077e-01
2.997617286831766759e+00,2.384746041984270093e+00,2.177239167539104958e+00
6.212810757873027390e-01,1.954025961218434082e+00,9.446410367347134462e-01
2.615107091304632814e+00,1.971828408510489350e+00,1.832009935145333390e+00
3.566929207632385523e+00,2.747392487839161124e+00,2.044540952743080453e+00
1.953430311175707201e+00,1.838696347313931279e+00,2.461002426630425788e+00
2.389207043021694510e+00,2.458566887607699591e+00,2.336956265318502091e+00
1.950858417695567448e+00,2.184669612730486321e+00,2.640764063069555245e+00
2.371502339034190499e+00,7.144266040975216780e-01,1.182009964714683781e+00
3.852177342142104055e-01,7.908176838520115659e-01,1.556986974211243879e+00
2.045434443268611402e-01,1.543434416342579774e-01,1.640493818993294939e+00
9.738789775914094005e-01,-5.072897433913667875e-01,1.678387809212317228e-01
1.015451640875888017e+00,-4.865097730879189841e-01,1.821343689620714967e-01
1.929457237092495170e+00,-3.358518719170314748e-01,6.333919287386751140e-01
1.119223195031478352e-01,5.240995573920206319e-01,2.307335523188840387e+00
3.899700459132947383e+00,-7.098464723162529744e-01,1.433744254482644198e+00
3.077446844483787469e+00,-2.691153804766457380e+00,3.964557238742457551e-02
8.378370892421465044e+00,-3.141789709846241063e-01,2.931540335632901950e+00
8.916699672371420249e+00,5.165713362389121599e-01,2.896173479329953171e+00
8.813842827095815124e+00,3.710577264937267583e-01,2.930658335585397900e+00
1.279060561002661522e+01,-5.851045786119427605e-01,2.748016471191039756e+00
1.179424862041544309e+01,-8.393462167722620659e-01,2.294838267977777679e+00
9.742820713966034774e+00,-8.197231399885266390e-01,4.043486831449167873e+00
9.406981280198580819e+00,-2.104216752381452005e-01,2.789670775790254797e+00
8.207275136097418766e+00,3.190054153777163171e-01,2.731954952873635101e+00
7.198826202015244036e+00,1.183369209974129421e-01,2.390736466834476381e+00
8.708783009962143495e+00,2.353348642979854244e+00,1.694794357199646218e+00
1.155031103925215952e+01,1.714584391321212653e+00,2.408863427563547432e+00
3.442431153385119291e+00,-2.908822054079065023e+00,2.670381323628658432e+00
2.762501888464703459e+00,-2.325977609212034114e+00,3.050867367211334003e+00
1.771434523419968876e+00,-8.585231431660901302e-01,2.618947780907129541e+00
2.447839293445846387e+00,5.147725663796838269e+00,1.809286226769377004e+00
3.805143475146299803e+00,4.211123915035127396e+00,2.587666798932778178e+00
4.189183588635404298e+00,3.163439240348143944e+00,1.927025781589298381e+00
4.798754924773471764e+00,5.804300987767402553e+00,4.303387449999446446e+00
8.032029547570568084e+00,6.830251971151360735e+00,5.323340771996432963e+00
7.923897376777661705e+00,5.723014230464798402e+00,4.611221566209813716e+00
5.740089814179996530e+00,6.383740158628991246e+00,4.650036731650151189e+00
6.125174185149292683e+00,5.712992224091006932e+00,4.895827471210455251e+00
5.090401746676258554e+00,5.621042760865316623e+00,4.494217353857580477e+00
4.961486144965070011e+00,6.454472599644702768e+00,4.977194476109752408e+00
5.557108208765300539e+00,5.423750795310504635e+00,4.120440436577336385e+00
5.011063840887818976e+00,5.334429187850682652e+00,4.024929873320965079e+00
4.034565833207627072e+00,5.571875470712202016e+00,3.091521717055569329e+00
4.947101805626973103e+00,2.998264795353185797e+00,2.907884761507688154e+00
7.962173827625899314e+00,3.741054547728613677e+00,-8.320631102458185824e-01
8.195110094385507082e+00,3.775862437011936468e+00,-1.494563421449430995e+00
4.793723505061749712e+00,3.322639615736389551e+00,-2.059278819299462382e-01
7.667784716166213599e+00,3.250393279547516112e+00,3.200539749831268210e-01
7.221576383195093207e+00,3.394213290199046718e+00,1.328915239548149829e+00
6.106325120288145669e+00,2.553472651059160103e+00,7.377640443805141279e-01
8.258642463322310334e+00,5.253612312554858832e+00,-7.867056697341107130e-01
5.288978304312438539e+00,5.578180305744300682e+00,-1.263960730318856862e-01
6.630401246190129605e+00,5.945340451201451160e+00,-6.154554924381997610e-02
6.660268227890139059e+00,5.834655902708275832e+00,-3.162855431685952790e-02
5.560488363543499624e+00,3.124714845819301701e+00,-5.460467542096738569e-01
3.884028114769219719e+00,2.149329211528461681e+00,-1.811934633868218236e-01
3.498046937341854790e+00,1.677212518889139359e+00,3.504389076913495549e-01
-4.194296087699617148e-01,1.601366936480716485e-01,4.409539470636942432e-02
-4.515922080432391295e-01,-4.203283234678345970e+00,-7.565720911721471875e-01
3.436004143613811568e+00,-1.647697694438914340e+00,6.199309355043122194e-01
3.951795359501657501e+00,-4.637858768682620259e+00,1.702804993442332271e-01
1.006126455847256729e+01,-9.661691886822961761e-01,1.785655050365617461e-02
9.379982449289391511e+00,-1.071191099110841982e+00,8.036821595486524084e-01
1.160710231261566250e+01,-7.436828395115056001e-01,1.536321725396774251e+00
9.738655521714418839e+00,-4.687792546441711672e-02,9.606298352918124506e-01
9.470565102568878402e+00,-2.664323142352172713e+00,9.925953169805172838e-01
8.372199776145318850e+00,-2.461880631929268759e+00,2.560274243217381063e+00
7.915372036354998642e+00,-2.986817780540484524e+00,2.483803512155171589e+00
7.915372036354998642e+00,-2.986817780540484524e+00,2.483803512155171589e+00
7.952899154589167630e+00,-3.048594885288947065e+00,2.522449717557862403e+00
7.952899154589167630e+00,-3.048594885288947065e+00,2.522449717557862403e+00
8.336901980502348763e+00,-2.990429561393533664e+00,2.608114375163326226e+00
4.092893243794563318e+00,4.503622466166309124e+00,-2.145150253195958978e+00
9.123461081243618764e+00,5.767541563180039965e+00,-2.517885263922691408e+00
6.829956520686605970e+00,7.573458945679874432e+00,-3.631080182438921611e+00
7.113354897799130327e+00,8.378515707759442321e+00,-3.269772039099524186e+00
7.223261112246590621e+00,3.944521372671791148e+00,-4.085289246748693870e+00
6.549314994261042244e+00,3.928571617597290899e+00,-4.330807506956332098e+00
6.810206433923309710e+00,4.002415701844528328e+00,-4.311672659541742725e+00
6.351654247912069451e+00,4.196959169459383965e+00,-4.240491796510846179e+00
7.776372974148414663e+00,1.857070358581431435e+00,-2.645422967532433667e+00
7.432163327665186614e+00,4.027631701682602205e+00,-3.118938359183688558e+00
6.797837998880075894e+00,7.168952707810809066e+00,-1.980349657358819071e+00
1.102501148350183513e+01,7.473769025958024059e+00,-2.960627787322860360e+00
1.100989431077274894e+01,7.579868506413640183e+00,-2.926690302660487131e+00
1.141287182566198588e+01,8.160483232074545512e+00,-3.948394802379530333e+00
1.290491657085558685e+00,1.003718191012843430e+00,-5.289461756222780586e+00
6.963338364800297775e+00,1.724693777258577532e+00,-5.353884737696978036e+00
5.350516644600665117e+00,2.514161601613377872e+00,-4.818134327606951040e+00
7.653764760797893807e+00,3.567991653630351756e+00,-4.975805503801008278e+00
9.694378830823668025e+00,3.092332433715009543e+00,-4.984559486286706864e+00
2.801282264407158884e+00,-1.002022998966204836e+00,1.955753530346262536e-01
1.653965498961739611e+00,1.141304038086675687e+00,1.386019687086533780e-01
1.322730143943438685e+00,8.094286546582120101e-01,2.245334371980166610e-01
3.085183257912584853e+00,1.481250162640188162e+00,1.428764492870552960e+00
2.002643206392723307e+00,1.979020181518119204e+00,2.116588386912054087e+00
5.738827087986170916e+00,3.676082477922056335e-01,6.822642651542125403e-02
1.029584580979691921e+01,1.880064509273451367e-01,-1.207042648217985015e+00
9.935580064542968159e+00,-6.613871519793734777e-01,-7.808284420445544827e-01
3.302744524946211957e+00,-2.895460048913222284e+00,-3.926390518888374370e-02
7.397005776681242040e+00,-1.696118552806094470e+00,2.197285878038957474e+00
1.384285203422092714e+00,-4.167399144684558188e-01,-5.415166618330720383e-02
2.724547140487148411e+00,-1.241762842799649241e-01,2.158932620638544186e+00
-3.465749374310824193e-01,3.852534528640394473e+00,1.057985348293849270e+00
4.091571881472304106e+00,4.396143355411417986e+00,1.899812064024324343e+00
2.893201559928858302e+00,4.569855400550281388e+00,2.247144857023298137e+00
4.276645104351622706e+00,4.958589009484030363e+00,2.363004424515111612e+00
3.820234991878074027e+00,2.203378885201649595e+00,2.687827198133999396e+00
3.333055988450684737e+00,7.027084928221127846e-01,1.120957481336206873e+00
6.699361588644960896e+00,2.567565004401462403e+00,1.773755031253678505e+00
2.735887713327513460e+00,2.429010483471894410e+00,-2.627230060436712145e-01
4.917906451673429657e+00,1.856639247828017592e+00,-6.737759359172986739e-01
2.835832215776965537e+00,5.185146898258124359e+00,-3.956531275000868542e-01
1.462492143636693998e+00,6.099726631672261590e+00,8.166855694166372803e-01
4.508770887597920662e+00,1.520475461306256104e+00,-3.830505710739969594e+00
6.575109927074703542e+00,3.980844656009407068e+00,-4.077172085374733079e+00
2.205677184431939164e+00,2.821202585371823002e+00,-5.152842328373137271e+00
1.419454446937191028e+00,3.357852128318825180e+00,-4.512041990057751306e+00
1.475726505476299577e+00,3.374469517828928566e+00,-3.292570688865862127e+00
2.875528944311156021e+00,2.292235605588097691e+00,-1.306982609668022377e+00
3.740518991393507076e+00,3.207319933797216027e+00,-2.863047769068030490e+00
4.280988466919350977e+00,3.392040048009966391e+00,-3.117942699578716059e+00
4.343530945240238417e+00,4.251413636828491605e-01,-2.096887855533845713e+00
6.409618118102216044e+00,1.301402304913951813e+00,-1.880468364916179080e+00
6.382132637210879089e+00,1.232992618400037710e+00,-1.396154073826078257e+00
3.154896553694345407e+00,-2.258851809262219401e+00,-2.250033546474996982e+00
3.857651485615413378e+00,-2.713133478440058699e+00,-2.320743193260141002e+00
2.729671392956561249e+00,-3.452505214732776384e+00,-1.697582427543510297e+00
8.366503003981783593e+00,-2.544186989059852078e+00,-2.403561692282916995e-01
1.620457503626004492e+00,-8.617309906664364361e-01,-1.961523238896862864e+00
1.723411339328402958e+00,-3.967747784257170118e-01,-1.669149268583113965e+00
4.309226160458516475e+00,1.347305297705763405e-01,-8.900435066704646125e-01
4.361401567771141075e+00,1.648794422196462106e+00,-2.487718467301747172e+00
2.280654998378390363e+00,3.578790354437129562e+00,-1.294597599697161039e+00
3.154289416592593209e+00,4.333192303932021261e+00,-2.557682492784303374e+00
6.397303001498820807e-01,5.857876496508169772e-01,-2.022349528418099673e+00
4.094301624640799275e+00,1.818345431521827038e+00,1.098612100066770125e+00
3.634537042706991183e+00,6.220910110181706587e-01,1.126685259288314978e+00
4.060119364524224395e+00,3.832255764979956680e+00,2.139653946103825088e+00
2.513034941048303494e+00,4.179853096874206919e+00,-8.886332387885785833e-01
2.261901547821919323e+00,4.654117178055132698e+00,1.887128994384423275e-01
3.467322502824432995e+00,2.794570271499606129e+00,9.323140403016098032e-01
8.437458653617833093e+00,2.071290648110120536e+00,7.506680490442386999e-02
7.430691484657526935e+00,2.018258510595548394e+00,1.245532619004174890e+00
4.856768787372370610e+00,5.982897033360995209e+00,3.028138968447194324e-01
5.260385802766416319e+00,5.448401399063138584e+00,-1.513976422409395672e+00
2.841326726005633851e+00,4.031512242072817997e+00,-1.679002858614664806e+00
6.096517362307163346e+00,2.929993218929052734e+00,-2.489865188007453212e-01
5.322068880902562249e+00,1.665419804883185195e+00,6.703447517295848535e-01
4.289066145956248022e+00,2.335384695491093066e+00,1.074800860695093840e+00
6.413513354917163234e+00,1.827344007735002274e+00,-2.890341376602456255e-02
4.340046058576434440e+00,6.179020221952568059e-01,-4.622106968613454159e-01
3.635060060352244271e+00,9.453012555970370379e-01,7.839970507968076208e-02
7.150745848298007523e+00,2.040714803881461759e+00,-8.538673116135544472e-01
6.936476659219749763e+00,1.759708280332263008e+00,-1.117337742433397008e+00
6.596628159582868633e+00,1.435853591987058087e+00,-7.377451136219779215e-01
4.597925131708794133e+00,2.906965992891373585e+00,6.908254172172504370e-01
5.904984338080972783e+00,3.957449654654202842e+00,7.668709650963961844e-01
8.542437373021540381e+00,4.915920627212815752e+00,-9.119113723733909271e-01
7.089076363255440327e+00,3.767036427310155311e+00,-1.483789266950038099e+00
7.217372496154562889e+00,3.248832801433018336e+00,-1.911391988799088004e+00
3.609628797620431762e+00,1.713022067958368977e+00,1.079652900447887864e+00
4.564460449247156326e+00,3.429373169440227187e+00,1.788396680230280866e+00
4.031150674181954940e+00,4.619792984649395140e-01,1.421510940396108758e-01
4.427478491521603665e+00,1.249230403882293672e+00,-1.922179529948440657e-01
4.883947102287352848e+00,9.354750850804136597e-01,-3.670318667888255310e-02
6.839778587260767040e+00,-1.970441346623751089e-01,2.267532163205528750e+00
6.064191047491866549e+00,6.177865740706351971e-01,2.870605479774210878e+00
6.681317386826671978e+00,-1.811106655268475696e-01,1.774606253481152640e+00
6.676422073581989913e+00,-9.918834366638641376e-01,2.038085110917759124e+00
8.410249196772937808e+00,-9.217330603894162699e-01,2.549915280715226551e+00
7.205277020579823777e+00,-6.805398636250582500e-01,1.679002603792970616e+00
2.984827769094650307e+00,2.875369344206541999e+00,1.158272008123307106e+00
4.779505377137809319e+00,2.820560706427272191e+00,2.265528050293788898e+00
9.827864296069961370e+00,5.837114606327426181e+00,7.226618596068787870e-01
9.827864296069961370e+00,5.837114606327426181e+00,7.226618596068787870e-01
9.827864296069961370e+00,5.837114606327426181e+00,7.226618596068787870e-01
9.827864296069961370e+00,5.837114606327426181e+00,7.226618596068787870e-01
9.827864296069961370e+00,5.837114606327426181e+00,7.226618596068787870e-01
9.280479619610300546e+00,6.006818493440714946e+00,7.840435540090050504e-01
7.132620149120095787e-01,5.741992230967632338e+00,1.620282665314949577e+00
5.167695518259365350e+00,8.722489381455602597e+00,1.370937398023906573e+00
5.375530870271550299e+00,8.434272864300304207e+00,1.409794750195639379e+00
4.573389003710985889e+00,7.034024500542296110e+00,4.025197084361066269e-01
4.374095206589093010e+00,8.612635704013930749e+00,3.586334730752969713e-01
4.866116846480338154e+00,8.615076608317309592e+00,5.568987742213472592e-01
4.718684102456455420e+00,9.646469300732862351e+00,-2.491148821354829124e-01
3.072046014056136531e+00,9.906271268406866781e+00,1.507641445794859925e+00
4.270632678626869350e+00,8.816543714173048940e+00,5.687196911132588184e-01
4.985187555346064059e+00,6.660114918481887081e+00,7.437592468733680295e-01
7.472074717656347786e+00,2.870238447267425386e+00,4.657162101245032382e+00
6.592096042332977746e+00,5.489739404921167854e+00,3.794045809443565620e+00
7.906096637017678397e+00,5.041345158708637975e+00,2.715098749412829804e+00
7.827816518600506868e+00,5.114376862769658416e+00,2.905999072271152617e+00
8.693868011073887514e-01,5.992256980488097629e-01,1.160587986312945130e+00
1.839022068432556223e+00,2.750530543024625185e-01,1.366697182740234329e+00
2.337307186442707962e+00,-1.174680325983060047e+00,1.053900448630074704e+00
2.177000423531184836e+00,-1.146959874705552052e+00,7.837806179433204345e-01
1.768133903117279582e+00,-5.764828427301855740e-01,1.338914359827503064e+00
2.923733175394713335e+00,-6.084820058493098927e-01,1.171742102287195220e+00
2.855485975643753171e+00,-5.245629072157614869e-01,1.030933441732448719e+00
3.087981561002246966e+00,2.265511029553946898e+00,1.058270717493545732e+00
4.382223842032881400e+00,1.603391290394805768e+00,1.500489118656046728e+00
4.790536673971482529e+00,1.723330750519334709e+00,1.391885631816146107e+00
5.116100337149847910e+00,1.809043349764753117e+00,1.494176309062257957e+00
5.116100337149847910e+00,1.809043349764753117e+00,1.494176309062257957e+00
5.168184257003111348e+00,1.842670710529578981e+00,1.547545673233954755e+00
5.168184257003111348e+00,1.842670710529578981e+00,1.547545673233954755e+00
5.214677600915961442e+00,2.347125766962287585e+00,1.902636868575623419e+00
6.765595696165730644e+00,1.444273690595820225e+00,1.531807432228236676e+00
4.092264104860150020e+00,1.933298607293573612e+00,1.552804839021220573e+00
4.575319967286545442e+00,7.261880036053006693e-01,1.049733675226449892e+00
1.484418799277137158e+00,-6.172638597955744100e-01,2.174908135518494934e+00
2.916332712342728506e+00,1.299730558238479716e+00,9.305493869375617288e-01
3.835570331203835170e+00,1.569326498507213064e+00,9.733973320998642320e-01
3.976361634614093088e+00,4.606806803144773532e+00,5.914882498209415029e-01
5.577532274808397084e+00,3.342804031669331710e+00,1.286011350784960483e-01
6.228334120880735014e+00,4.240516692808659727e+00,4.231185383949055967e-01
5.963482930137479876e+00,4.248296319690319400e+00,3.483601347599386000e-01
5.298943310625550573e+00,2.335854222599089702e+00,8.954406779423469409e-01
8.068003374852112941e+00,3.366817039603386519e+00,1.655469311725305814e-01
6.300206705117900263e+00,1.978564954515748431e+00,-9.302446021824359867e-01
7.011580518788787408e+00,5.605727491101166748e+00,-1.592592483602721654e-01
6.342705940825780431e+00,4.785998131321725246e+00,-2.976412234416949895e-02
2.900237340039022005e+00,4.257271296649027370e+00,-3.643563016387413311e-01
6.542849393460865137e+00,2.180173089218067517e+00,2.523821410389405773e-01
3.221690572562219579e+00,3.048453964127152638e+00,4.100776049332312545e-01
5.871152543719253991e+00,2.797753654803298851e+00,6.723467878092111993e-01
5.196730910347888255e+00,5.242154294041412310e-01,9.116402593857243497e-01
7.944575329188507062e+00,2.189396918894540356e+00,8.377674901514285954e-01
8.091945666479512411e+00,2.501051989718875213e+00,1.954312856346608562e+00
6.382031604491916532e+00,1.102424575212437974e+00,2.128820624071887657e+00
7.102657509034862926e+00,-1.764226501694716953e+00,3.212755933597751135e+00
5.507947676058211783e+00,-3.245417755153605088e-01,1.134300926338343007e+00
2.984817316934081699e+00,5.759551267378539841e-01,5.335060844886561071e-01
3.136706074855527326e+00,6.929014097834755859e-01,1.114879752071399999e+00
2.436590171876499067e+00,1.522239995419024439e+00,1.263925300660671658e+00
5.831873851080445759e-01,-3.601842544905194954e-01,9.419944050726705154e-01
3.145249956430815619e+00,5.808140878884956448e-01,-9.121785249823193276e-01
2.799380377163421141e+00,-3.774194494399073285e+00,-1.346316651157155042e-01
2.893174516902933036e+00,-2.201288944286781568e+00,1.431430688155470587e-01
6.544391931449108135e+00,-4.000375565311552251e+00,-1.780677424025351563e+00
6.286477944263178408e+00,-1.917974627156726841e+00,-1.093002075230010250e+00
6.201948325850379362e+00,-1.708483550725005573e+00,-9.587851561809284107e-01
6.528563123762642029e+00,-3.316017329878879316e+00,-2.684171531823323908e-01
7.139348271080028674e+00,-2.978359025392319559e+00,-2.437015708970586836e-01
4.848706668377921858e+00,-2.795816557489318122e+00,-1.185775685134938584e+00
5.399317740559123280e+00,-2.681732065487593797e+00,-1.086278655441089924e+00
4.371226008498406479e+00,-3.460792662510547846e+00,-1.662957481011614336e+00
4.684197518297001928e+00,-4.505425308195937006e+00,-2.264517207695226020e+00
6.400907468695137936e+00,-2.416653429206785386e+00,-7.333641951840644824e-01
6.596259296319917809e+00,-9.280563282086531363e-01,-1.922916026184190885e+00
2.837098206697637792e+00,-3.445838255799855698e+00,-3.063987147074195061e+00
5.463895865359025272e+00,-3.599604632189515652e+00,-2.822478921096572613e+00
7.211753078058189104e+00,-3.665173946382726644e+00,-3.686666078094731347e+00
7.696128155507113711e+00,-5.283059508136100035e+00,-8.938967292612675086e-01
7.876294339074762618e+00,-6.436367353956921278e+00,2.511499353637280385e-01
3.537707916746690273e+00,4.974741649501722485e+00,-6.915439892589952953e-01
4.214695566243950253e+00,3.623037138801439294e-01,-2.146522960206844743e+00
4.595035121343673090e+00,1.144541061467600374e+00,-1.935220228583742763e+00
7.968048973186496298e+00,4.155822778584104538e-01,-5.865071018483206666e-01
8.108215754595290647e+00,7.533331286074982369e-01,7.350444010673797823e-01
9.019102671058515375e-01,-1.598861675632193835e-01,2.568919783655517541e+00
1.529235709085851935e+00,-9.342100131160241405e-01,1.989892276085663880e+00
4.347016888399655166e+00,2.700587311828274828e+00,8.811284455294011719e-01
4.972143901241720343e+00,4.775544148342841133e+00,1.988323259300355028e+00
6.484706179031054063e+00,5.882957466872210439e+00,1.223900485193445631e+00
4.353114273169323312e+00,5.086547045313390747e+00,1.413792711302148453e+00
4.785592715585086587e+00,4.106196008696867850e+00,1.073006301763596015e+00
4.063267266097478903e+00,3.427257205580006350e+00,3.460142596003170090e-01
4.646267026900963160e+00,3.811875652422282101e+00,8.749510786000785911e-01
4.817540160296185370e+00,4.071513256935301861e+00,1.668620797134724665e+00
3.936931594636225107e+00,4.112676261012526702e+00,2.057373532024140861e+00
3.967599905740705424e+00,4.144434978844895312e+00,2.507715337229074137e+00
3.832810823132314137e+00,1.185783208834636060e+00,1.368762404482630313e+00
4.631438821330648992e+00,3.863611795488758327e-01,1.290754060730835207e+00
4.337694664635489694e+00,1.310793632550185661e+00,8.740732307319644123e-01
4.906100432561568137e-01,1.365816090811471817e+00,4.277281065405170724e-01
2.072521541067542383e+00,1.349471835287525456e+00,1.364208675169506835e+00
2.619842470990426442e+00,1.119856040573681488e+00,1.795743462985016081e-01
9.568096515344087782e-01,8.607773202582158500e-01,7.416549242689962629e-01
3.979304897026129106e-01,4.144508306608005177e-01,6.302446077131131918e-01
1.219639065021262514e+00,9.788407095671770586e-01,4.799481293901262102e-01
1.386725240715454888e+00,7.455437347477184007e-01,2.002058775779207433e-01
1.475465181115345192e+00,6.601127840271439062e-01,4.459032973498460173e-01
3.223617920065681375e+00,3.988705290599490194e+00,1.843047807092604018e-01
5.026994933059410364e+00,2.970592653674335892e+00,5.344949811646557691e-01
5.666422079428750536e+00,2.283948251586752853e+00,8.006931942550250536e-01
5.677360938248747324e+00,2.088540811290482413e+00,7.095785734570569936e-01
9.495980237201555596e+00,1.726883825862012944e+00,9.314671288918078274e-01
9.140565956872100273e+00,1.040516807478009342e+00,1.376350599809126551e+00
9.187425994340443935e+00,7.100379871253998942e-01,1.645170347994001414e+00
6.189126360154229012e+00,2.468486706436802791e+00,4.727795131608246160e-01
1.925081718652439156e+00,5.208101658770876163e+00,6.429061340931505608e-01
3.131234596118871671e+00,5.600059843431047790e-01,1.654855919957207488e+00
1.258446867452755136e+00,7.830055761210372722e-01,2.066632676811373415e+00
2.666913156043968947e+00,-6.783797590604743188e-01,1.883258596996209011e+00
2.759163175235900489e+00,-1.547818508299057538e-01,1.604036501080785326e+00
1.582504121306677503e+00,2.735394863883826133e+00,-1.151010578594005240e+00
1.793378038311210343e+00,3.983476609313456152e+00,3.736628010535266720e-01
8.620273577673062348e+00,4.496082200845260779e+00,1.782690653277944071e-01
9.074468580313951094e+00,2.977266014878471978e+00,2.481421529090601652e-01
5.271673699578142802e+00,2.950566586092873145e+00,-6.375490455215798713e-02
6.959322396328774474e+00,3.367555598483313872e+00,-1.519669360308556760e-01
6.185464821764297128e+00,3.570761371284704389e+00,1.187731484445927022e+00
7.601792991525146093e+00,2.587750951470522587e+00,3.224367509021319744e-01
9.846127718634008374e+00,3.209003313591544337e+00,-4.948067715633728270e-01
1.025058851629400358e+01,2.681078650021140763e+00,-1.029153250848294343e+00
1.198800504361811647e+01,2.559267175944372585e+00,-2.388778953728508403e-01
8.171993557697437183e+00,4.292683679394436069e+00,-2.894015996528297663e+00
6.099701040713337186e+00,3.070656938572681405e+00,-4.345718905879581762e+00
6.173002853837727955e+00,3.072512639707299709e+00,-4.469333932436548196e+00
7.011570801381894036e+00,2.448220316566344756e+00,-4.144342657436699717e+00
5.366601313279307561e+00,4.736895623868061733e+00,-4.098344932331538182e+00
6.205010046093541121e+00,5.529084182831758731e+00,-3.828764634828539570e+00
5.825159552480178249e+00,6.813166888442992786e+00,-3.586855720461378905e+00
5.141129569393562804e+00,5.110584660398097334e+00,-4.068291444873544549e+00
8.976081258176938249e+00,5.136622981391239406e+00,-3.119710373148793181e+00
8.180211467180626528e+00,4.953049432996314394e+00,-4.323494170250340218e+00
1.042617279058077884e+01,4.725619309940572776e+00,-4.510533967869069016e+00
9.743894830505039906e+00,3.672265049297915418e+00,-4.283245163181177873e+00
9.655580170671287377e+00,3.149535240199282105e-01,-5.800618248708082625e+00
6.013984712309336622e+00,3.711972761536590504e+00,-4.063085264125013474e+00
3.033397518141382587e+00,2.403143964480306316e+00,-1.757332884533109540e+00
3.806859121752788067e+00,2.371480788592118749e+00,-1.629427682172701619e+00
1.450810763583537666e+00,4.694326864301527458e+00,-1.820626551475857502e+00
9.726420165963601816e-01,3.892281851419858274e+00,-1.739368858101298709e+00
9.726420165963601816e-01,3.892281851419858274e+00,-1.739368858101298709e+00
2.434048811598923390e+00,1.875898054629716372e+00,-1.767287037462086818e+00
3.347813293051009609e-01,1.160786746361415434e+00,-1.041682672913427643e+00
2.174385473217854414e-01,1.228090708698145184e+00,-1.054014894023922899e+00
2.583526367407231739e+00,3.153711355506242930e-01,-2.755726987564273589e+00
1.637841532599382921e+00,1.275850556356586507e+00,-2.545540863704114365e+00
2.150025713904126334e+00,1.174719371064157913e+00,-2.672116268350866353e+00
3.607040843929975704e+00,9.440341985794302726e-01,-3.058779177000619853e+00
2.676190941244881216e+00,1.782287084014475331e+00,-3.935783386619275070e+00
1.565563875848182018e+00,2.508464797792059997e+00,-3.730732289658670542e+00
4.433589326711140366e+00,-2.459369376314151090e-01,-1.204664227375634278e+00
1.397593389185959989e+00,1.843868712553373479e+00,-1.679142255351942614e+00
1.525448160673282372e+00,2.084136337595506205e+00,-2.303989703841917702e+00
5.214571471936415570e+00,1.726853327686605599e+00,-2.923457400883104906e+00
3.700283060024146309e+00,1.264442119868615100e+00,-1.332001539806351831e+00
4.349181369503027916e+00,1.362416328609942884e+00,-1.075061276145717004e+00
2.716328434319322138e+00,3.285140481368452825e+00,-1.957725605991477921e-02
2.296962376445707221e+00,-4.613703833629965168e-01,7.978057826648752293e-01
1.223441753611135718e+00,2.390203095146499646e+00,1.653764262984420919e+00
9.831162557320920481e-01,1.686482336860160913e+00,1.204289500661109846e+00
9.029678974611337061e-01,-2.086336996237026647e-02,-3.635213097089000089e-01
8.783522655434288229e-01,6.991776208484239419e-01,1.275744810644080962e+00
3.068318357993510936e+00,1.678162656047046175e+00,2.927744759133721342e-01
2.027628774618544405e+00,2.768674730615107382e+00,4.317729016703897860e-01
1.826996749273767318e+00,3.020529137296027233e+00,5.796856643249392871e-01
4.101572127569682813e+00,8.747817814416116722e-01,2.333495175995302873e+00
3.988021076658326169e+00,2.841669866589750182e+00,1.679197379157465919e+00
4.543586417848747061e+00,2.293156981057330235e+00,2.198924938222399650e+00
1.793461851829069920e+00,1.368059097762573062e+00,3.761841400997306017e+00
2.743675621104356477e+00,5.687165886697571615e-01,4.961574444329873934e+00
3.152281236340146453e+00,1.046265126142402302e+00,4.004695068550401693e+00
4.256159524105517455e+00,6.834468583885638937e-01,3.301930289859100309e+00
5.826869607568824883e+00,7.786395097658298514e-01,2.033443958912568128e+00
5.726372119467442623e+00,-8.662516765208159164e-01,3.445819949121702752e+00
4.169380120125566691e+00,5.027271028799951136e-01,5.113026448512330013e+00
6.599506730950016831e+00,2.158610115548073249e+00,4.988756057822437917e+00
6.334012178054178044e+00,2.411982337963145984e+00,5.219061690852464963e+00
5.402825650366724908e+00,3.921619215590204099e+00,6.105995540909687769e+00
8.391432019173358015e+00,4.471576594119194503e+00,6.205477729336244863e+00
7.351099582658824794e+00,8.812712069421687389e+00,5.387907691448972969e+00
7.171735388237934217e+00,8.126816065765058994e+00,4.984465719582399146e+00
5.757523081634362327e+00,1.011232670436357850e+01,4.039508072046793075e+00
7.217759383189954470e+00,9.412086864015886789e+00,3.081852589152786148e+00
8.124003684384344837e+00,9.902469221944839362e+00,4.342296686031723141e+00
6.811068209608081681e+00,9.055478437552331172e+00,3.372747150320048348e+00
7.083029987916692249e+00,9.193237562241415972e+00,3.202108050908808679e+00
6.388413478236633303e+00,1.075378000150837465e+01,4.291747092186883883e+00
2.598949858855634343e+00,7.819225553603983414e+00,2.500332226716323714e+00
5.791625161635137964e+00,4.912609844849693097e+00,3.704646137013735796e+00
2.563786250723237181e+00,2.694139101694155602e+00,3.583647689850160134e+00
5.497406402865096631e+00,3.431787698408503395e+00,2.707224067757783459e+00
2.977104850078137410e+00,3.979363686738701222e+00,3.300885434728259682e+00
1.593938945043254396e+00,4.789289068403616234e+00,2.832264902687916752e+00
4.275940744222902268e+00,3.308723853128720638e+00,2.586302078938760296e+00
2.643258568691945865e+00,4.390460923993367182e+00,2.720387383794824920e+00
2.515083542108186521e+00,7.115883131006266460e-01,1.990441286054681624e+00
6.945809138655417492e+00,2.420247800214721856e+00,1.692867125494661451e+00
6.805878576542486513e+00,2.719362282578989376e+00,1.473854789149941613e+00
8.816752964716732421e+00,1.615042349332961980e+00,-8.350290312720783925e-01
9.741561363495865322e+00,1.726390169841249822e-01,4.643110111768935372e-02
9.023559921005725570e+00,2.408900146684532562e+00,-8.864648154824258386e-01
8.189362284628771249e+00,2.325618241106485407e+00,-1.437508030409649917e-01
5.418875180236856437e+00,4.122988294476543025e+00,-1.918139391452605702e+00
7.972562298750137444e+00,3.286032023435016658e+00,4.905055036015967262e-01
4.400114807124182903e+00,1.532268571718265360e+00,-6.705200472201613415e-01
4.674172215809480058e+00,2.529389921066865554e+00,-4.515543042098146831e-01
4.770333259924457003e+00,2.612314712459457677e+00,-4.342074692143207959e-01
5.128988790837630596e+00,2.620502882570856951e+00,-5.842340136074180013e-01
4.219897294752123607e+00,2.769314038400302991e+00,7.689829270384710425e-01
3.909752523894470588e+00,2.844940309733515527e+00,7.374800905451158739e-01
7.952658595013375020e+00,1.635264778218476156e+00,4.754373322560682957e-02
3.641418927706626896e+00,3.684316663231560263e+00,-8.637290219145955517e-01
4.455593973654374373e+00,3.355006624901528678e+00,-9.148714369394538304e-01
4.051487974667487890e+00,2.323644985859599110e+00,-4.161520797268295491e-01
4.710565817320971682e+00,1.877146702759492358e+00,9.322496579057613086e-01
5.029284308538040094e+00,3.626719262456659543e+00,1.216982108023147768e+00
1.915869154155643850e+00,3.532236651242957048e+00,1.582403510413141756e+00
2.676141886803219183e+00,4.306450057302970258e+00,-7.314699595843333901e-02
4.582129701161159474e+00,2.158831735161404364e+00,9.078450709858215673e-01
4.328733120490418251e+00,3.009873618785365856e+00,3.979684557560261293e-01
4.920445698731781725e+00,3.400220403161531735e+00,4.400064220851649943e-01
5.294502001703509819e+00,2.329019959184635002e+00,1.832893429563593024e+00
5.119233892781268835e+00,1.747578503989229703e-01,6.501752325813910938e-01
5.419269962302164068e+00,9.259050712629154356e-01,1.583813847449279111e+00
6.812102084196067331e+00,-3.835047125492873632e-01,1.154521538497717659e+00
4.569025905817939659e+00,8.674116955247937466e-02,1.285690438501140065e+00
2.287211270475560720e+00,4.273981122866003624e+00,1.757944915548274478e+00
6.383005132375373591e+00,5.579799504227428208e+00,1.055104706377290480e+00
4.954522222290275835e+00,3.579279777393228112e+00,1.057607868458566136e+00
7.143971053992298259e+00,3.662301430640929389e+00,1.322949855796283547e+00
5.577438545719091145e+00,3.582174871905769109e+00,9.635586582772432962e-01
4.987456995928886805e+00,2.363062595759235843e-02,3.248287683571066120e-01
8.779596642464921885e+00,-1.216599436650328991e+00,1.490091799287132979e+00
8.463979425372958332e+00,-2.295571957844220190e+00,9.563025778659333120e-01
8.263668542547682350e+00,1.643109772825029624e-01,3.430025843014533060e-01
6.475107155558913696e+00,4.590268725294506247e-01,1.712302523162844148e+00
1.000097345200595989e+01,-2.835437593171694637e+00,1.676996219555866308e+00
3.837222959669503553e+00,-3.291820426649944009e-01,1.906434775370344337e+00
4.748656381510398816e+00,1.500448519538916337e+00,2.939717135135543558e+00
3.811770250494324497e+00,1.871488495102593186e+00,2.585591713749818332e+00
3.161082449942866468e+00,1.609267410230797557e+00,2.361646212660704069e+00
6.814232670719448492e+00,3.329227642538298504e+00,-6.518214800918636920e-01
-3.196942194046747954e+00,4.022242584575147717e+00,-2.862225149204505326e-01
-1.130282850834338104e+00,4.975713034940796753e+00,-8.883345327480614007e-01
3.737203551024304016e+00,4.154343967130631476e+00,-2.959680421762256319e-01
5.327228678995728828e+00,3.932698390583476478e+00,-9.928115277852276321e-01
